Handle,Title,Body (HTML),Vendor,Product Category,Type,Tags,Published,Option1 Name,Option1 Value,Option2 Name,Option2 Value,Option3 Name,Option3 Value,sku,Variant Grams,Variant Inventory Tracker,Variant Inventory Qty,Variant Inventory Policy,Variant Fulfillment Service,Variant Price,Variant Compare At Price,Variant Requires Shipping,Variant Taxable,Variant Barcode,Image Src,Image Position,Image Alt Text,Gift Card,SEO Title,SEO Description,Google Shopping / Google Product Category,Google Shopping / Gender,Google Shopping / Age Group,Google Shopping / MPN,Google Shopping / Condition,Google Shopping / Custom Product,Google Shopping / Custom Label 0,Google Shopping / Custom Label 1,Google Shopping / Custom Label 2,Google Shopping / Custom Label 3,Google Shopping / Custom Label 4,Variant Image,Variant Weight Unit,Variant Tax Code,Cost per item,Included / Singapore,Included / EURO,Price / EURO,Compare At Price / EURO,Included / India,Price / India,Compare At Price / India,Included / Indonesia,Price / Indonesia,Compare At Price / Indonesia,Included / International,Price / International,Compare At Price / International,Included / USA,Price / USA,Compare At Price / USA,Status
brown-calf-leather-crossbody-bag-italy,Brown Calf Leather Crossbody Bag Italy,"This crossbody bag features a leather body, adjustable flat leather strap, front flap with magnetic closure, and interior zip and slip pocket. Exterior Front Discolored, Out Of Shape, Worn. Exterior Front stained with Other. Exterior Back Discolored, Out Of Shape, Scratched. Exterior Bottom Discolored, Out Of Shape, Scratched. Exterior Handle Discolored, Out Of Shape, Worn. Exterior Corners Worn. Exterior Side Discolored, Out Of Shape, Worn. Exterior Top Discolored, Out Of Shape, Worn. Interior Lining stained with Other. Lock Scratched. Practical Attachment Scratched. Zipper Scratched. 

Inclusions: 
Authenticity Card

Shoulder Drop: 61.00 cm

Serial Number: BT0251
Country of Origin: Italy
Delivery will be within 1-2 weeks as this item will be coming from our international warehouse.",styletribute,,BAGS,"ALL, BAGS_PRADA_WOMEN_ALL, DESIGNER_ALL, PRADA_ALL, PRADA_WOMEN_ALL, WOMEN_ALL, WOMEN_BAGS_ALL",TRUE,Title,Default Title,,,,,SBUPBG280369,0,shopify,1,deny,manual,770,1150,TRUE,TRUE,,https://cdn.shopify.com/s/files/1/0806/3811/6158/products/682040c5f99649a5eb18caab7dc04c0c.jpg?v=1692613059,1,,FALSE,,,,,,,,,,,,,,,kg,,,TRUE,TRUE,,,TRUE,,,TRUE,,,TRUE,,,TRUE,,,active
blue-calf-leather-epi-soufflot-france,Blue Calf Leather Epi Soufflot France,"The Soufflot features an epi leather body, flat leather straps, a top zip closure, and an interior slip pocket. Exterior Handle Worn. Exterior Side Worn. Interior Lining stained with Other. Practical Attachment Scratched. 

Inclusions: 
This item does not come with inclusions.

Louis Vuitton pieces do not come with an authenticity card�please refer to the production date code within the bag for its age and as an authenticity reference.

Hand Drop: 18.00 cm
Shoulder Drop: 16.00 cm

Serial Number: MI1926
Country of Origin: France
Delivery will be within 1-2 weeks as this item will be coming from our international warehouse.",styletribute,,SHOULDER BAGS,"ALL, BAGS_LOUIS VUITTON_WOMEN_ALL, DESIGNER_ALL, LOUIS VUITTON_ALL, LOUIS VUITTON_WOMEN_ALL, WOMEN_ALL, WOMEN_BAGS_ALL, WOMEN_BAGS_SHOULDERBAGS",TRUE,Title,Default Title,,,,,SBUPBG281229,0,shopify,1,deny,manual,690,1280,TRUE,TRUE,,https://cdn.shopify.com/s/files/1/0806/3811/6158/products/97e675b8b3e8bdd7a34c1b040dff1f3a.jpg?v=1692613046,1,,FALSE,,,,,,,,,,,,,,,kg,,,TRUE,TRUE,,,TRUE,,,TRUE,,,TRUE,,,TRUE,,,active
yellow-nappa-leather-biker-satchel-italy,Yellow Nappa Leather Biker Satchel Italy,"The Biker Satchel features a nappa leather body with a quilted trim, a flat leather handle, a detachable shoulder strap, front dual exterior zip pockets, a flap with push-lock closure, and interior zip pockets. Exterior Front Out Of Shape, Scratched. Exterior Back Worn. Exterior Bottom Scratched. Exterior Handle Creased, Out Of Shape. Exterior Side Scratched. Interior Lining Worn. Interior Pocket Worn. Lock Scratched. Practical Attachment Scratched. 

Inclusions: 
Dust Bag
Authenticity Card

Hand Drop: 11.00 cm
Shoulder Drop: 55.00 cm

Serial Number: R1078B
Country of Origin: Italy",styletribute,,SHOULDER BAGS,"ALL, BAGS_MIU MIU_WOMEN_ALL, DESIGNER_ALL, MIU MIU_ALL, MIU MIU_WOMEN_ALL, WOMEN_ALL, WOMEN_BAGS_ALL, WOMEN_BAGS_SHOULDERBAGS",TRUE,Title,Default Title,,,,,SBUPBG273851,0,shopify,1,deny,manual,600,2350,TRUE,TRUE,,https://cdn.shopify.com/s/files/1/0806/3811/6158/products/7e3d6b3310ff74163a1a819fdc4ff355.jpg?v=1692613034,1,,FALSE,,,,,,,,,,,,,,,kg,,,TRUE,TRUE,,,TRUE,,,TRUE,,,TRUE,,,TRUE,,,active
brown-coated-canvas-fabric-small-triomphe-vertical-cabas-italy,Brown Coated Canvas Fabric Small Triomphe Vertical Cabas Italy,"This satchel features a coated canvas body, rolled leather handles, a detachable flat leather strap, an open top, and an interior zip pocket. Exterior Front Out Of Shape. Exterior Back Out Of Shape. Exterior Handle Worn. Exterior Corners Worn. Exterior Side Worn. Exterior Top Worn. Interior Lining Worn. Interior Lining stained with Other. Interior Pocket Worn. Zipper Scratched. 

Inclusions: 
This item does not come with inclusions.

Hand Drop: 10.50 cm
Shoulder Drop: 50.00 cm

Serial Number: F GA 1201
Country of Origin: Italy
Delivery will be within 1-2 weeks as this item will be coming from our international warehouse.",styletribute,,SHOULDER BAGS,"ALL, BAGS_CELINE_WOMEN_ALL, CELINE_ALL, CELINE_WOMEN_ALL, DESIGNER_ALL, WOMEN_ALL, WOMEN_BAGS_ALL, WOMEN_BAGS_SHOULDERBAGS",TRUE,Title,Default Title,,,,,SBUPBG277678,0,shopify,1,deny,manual,2460,3690,TRUE,TRUE,,https://cdn.shopify.com/s/files/1/0806/3811/6158/products/f81328f988942b2508c5e721382a9013.jpg?v=1692613022,1,,FALSE,,,,,,,,,,,,,,,kg,,,TRUE,TRUE,,,TRUE,,,TRUE,,,TRUE,,,TRUE,,,active
brown-dark-nylon-fabric-tessuto-shoulder-bag-italy,Brown Dark Nylon Fabric Tessuto Shoulder Bag Italy,"This shoulder bag features a nylon body, nylon woven chain strap, top zip closure, and interior zip pocket. Exterior Front Discolored, Out Of Shape. Exterior Front stained with Other. Exterior Back Discolored, Out Of Shape. Exterior Back stained with Other. Exterior Bottom Discolored, Out Of Shape. Exterior Handle Discolored, Out Of Shape, Worn. Exterior Corners Worn. Exterior Side Discolored, Out Of Shape. Exterior Top Discolored, Out Of Shape. Embellishment Scratched. Practical Attachment Scratched. Zipper Scratched. 

Inclusions: 
Authenticity Card

Hand Drop: 31.00 cm
Shoulder Drop: 31.00 cm

Serial Number: B4831
Country of Origin: Italy
Delivery will be within 1-2 weeks as this item will be coming from our international warehouse.",styletribute,,SHOULDER BAGS,"ALL, BAGS_PRADA_WOMEN_ALL, DESIGNER_ALL, PRADA_ALL, PRADA_WOMEN_ALL, WOMEN_ALL, WOMEN_BAGS_ALL, WOMEN_BAGS_SHOULDERBAGS",TRUE,Title,Default Title,,,,,SBUPBG280370,0,shopify,1,deny,manual,910,1990,TRUE,TRUE,,https://cdn.shopify.com/s/files/1/0806/3811/6158/products/f733328ed035c49741a6808ee4879977.jpg?v=1692613000,1,,FALSE,,,,,,,,,,,,,,,kg,,,TRUE,TRUE,,,TRUE,,,TRUE,,,TRUE,,,TRUE,,,active
brown-monogram-canvas-small-wallet-spain,Brown Monogram Canvas Small Wallet Spain,"This wallet features a monogram canvas body, a front flap, and interior zip and slip pockets Exterior Top Scratched, Worn. 

Inclusions: 
Dust Bag
Box
Box

Louis Vuitton pieces do not come with an authenticity card�please refer to the production date code within the bag for its age and as an authenticity reference.


Serial Number: CA3101
Country of Origin: Spain
Delivery will be within 1-2 weeks as this item will be coming from our international warehouse.",styletribute,,WALLETS,"ACCESSORIES_LOUIS VUITTON_WOMEN_ALL, ALL, DESIGNER_ALL, LOUIS VUITTON_ALL, LOUIS VUITTON_WOMEN_ALL, WOMEN_ACCESSORIES_ALL, WOMEN_ACCESSORIES_WALLETS, WOMEN_ALL",TRUE,Title,Default Title,,,,,SBUPAC281230,0,shopify,1,deny,manual,640,950,TRUE,TRUE,,https://cdn.shopify.com/s/files/1/0806/3811/6158/products/a9095289bf8bf2c51ae3d93b35135911.jpg?v=1692612996,1,,FALSE,,,,,,,,,,,,,,,kg,,,TRUE,TRUE,,,TRUE,,,TRUE,,,TRUE,,,TRUE,,,active
brown-monogram-canvas-odeon-pm-spain-5,Brown Monogram Canvas Odeon PM Spain,"The Odeon PM features a monogram canvas body with vachetta leather trim, an exterior front slip pocket, an adjustable flat leather strap, a top zip closure, and interior slip pockets. Exterior Front Discolored, Worn. Exterior Front stained with Water Mark. Exterior Back Discolored, Worn. Exterior Back stained with Water Mark. Exterior Handle Discolored, Out Of Shape, Worn. Exterior Handle stained with Water Mark. Exterior Pocket Discolored, Worn. Exterior Corners Discolored, Worn. Exterior Side Discolored, Worn. Exterior Top Discolored, Worn. Interior Lining Discolored, Worn. Interior Pocket Discolored, Worn. Practical Attachment Scratched. Zipper Scratched. 

Inclusions: 
This item does not come with inclusions.

Louis Vuitton pieces do not come with an authenticity card�please refer to the production date code within the bag for its age and as an authenticity reference.

Shoulder Drop: 51.00 cm

Serial Number: CA3098
Country of Origin: Spain",styletribute,,BAGS,"ALL, BAGS_LOUIS VUITTON_WOMEN_ALL, DESIGNER_ALL, LOUIS VUITTON_ALL, LOUIS VUITTON_WOMEN_ALL, WOMEN_ALL, WOMEN_BAGS_ALL",TRUE,Title,Default Title,,,,,SBUPBG277679,0,shopify,1,deny,manual,1640,2460,TRUE,TRUE,,https://cdn.shopify.com/s/files/1/0806/3811/6158/products/be3b9a554ff1652a28a20b6e0b81985d.jpg?v=1692612984,1,,FALSE,,,,,,,,,,,,,,,kg,,,TRUE,TRUE,,,TRUE,,,TRUE,,,TRUE,,,TRUE,,,active
brown-damier-canvas-ebene-navona-france-1,Brown Damier Canvas Ebene Navona France,"The Navona features a damier canvas body, a flat leather strap, and a top zip closure. Exterior Front Out Of Shape. Exterior Back Out Of Shape. Exterior Bottom Scratched. Exterior Handle Out Of Shape, Scratched. Exterior Corners Worn. Exterior Side Scratched. Practical Attachment Rusty/Tarnished, Scratched. Zipper Rusty/Tarnished, Scratched. 

Inclusions: 
This item does not come with inclusions.

Louis Vuitton pieces do not come with an authenticity card�please refer to the production date code within the bag for its age and as an authenticity reference.

Hand Drop: 15.00 cm

Serial Number: FL0046
Country of Origin: France",styletribute,,SHOULDER BAGS,"ALL, BAGS_LOUIS VUITTON_WOMEN_ALL, DESIGNER_ALL, LOUIS VUITTON_ALL, LOUIS VUITTON_WOMEN_ALL, WOMEN_ALL, WOMEN_BAGS_ALL, WOMEN_BAGS_SHOULDERBAGS",TRUE,Title,Default Title,,,,,SBUPBG263787,0,shopify,1,deny,manual,1440,2150,TRUE,TRUE,,https://cdn.shopify.com/s/files/1/0806/3811/6158/products/767fd51c66f50c9a46b990dc55bc9e02_2b44f386-121c-4e56-a679-e39b9d39df99.jpg?v=1692612976,1,,FALSE,,,,,,,,,,,,,,,kg,,,TRUE,TRUE,,,TRUE,,,TRUE,,,TRUE,,,TRUE,,,active
brown-monogram-canvas-mini-montsouris-france-1,Brown Monogram Canvas Mini Montsouris France,"The Mini Montsouris features a monogram canvas body, flat back straps, a front flap with a belt buckle and drawstring closure, and a front zip pocket. Exterior Front Discolored, Out Of Shape, Worn. Exterior Back Discolored, Out Of Shape, Worn. Exterior Bottom Discolored, Out Of Shape. Exterior Bottom stained with Water Mark. Exterior Handle Discolored, Out Of Shape. Exterior Handle stained with Other. Exterior Pocket Worn. Exterior Corners Discolored, Worn. Exterior Side Discolored, Out Of Shape, Worn. Exterior Top Discolored, Out Of Shape. Interior Lining Discolored. Interior Lining stained with Other. Practical Attachment Rusty/Tarnished, Scratched. 

Inclusions: 
Dust Bag

Louis Vuitton pieces do not come with an authenticity card�please refer to the production date code within the bag for its age and as an authenticity reference.

Hand Drop: 6.50 cm
Shoulder Drop: 80.00 cm

Serial Number: SP0937
Country of Origin: France",styletribute,,BAGS,"ALL, BAGS_LOUIS VUITTON_WOMEN_ALL, DESIGNER_ALL, LOUIS VUITTON_ALL, LOUIS VUITTON_WOMEN_ALL, WOMEN_ALL, WOMEN_BAGS_ALL",TRUE,Title,Default Title,,,,,SBUPBG273853,0,shopify,1,deny,manual,1480,2220,TRUE,TRUE,,https://cdn.shopify.com/s/files/1/0806/3811/6158/products/e49f11b62e67c7b94ae6aeaf73f945ca.jpg?v=1692612976,1,,FALSE,,,,,,,,,,,,,,,kg,,,TRUE,TRUE,,,TRUE,,,TRUE,,,TRUE,,,TRUE,,,active
brown-monogram-canvas-dauphine-card-holder-spain,Brown Monogram Canvas Dauphine Card Holder Spain,"The Dauphine card holder features a monogram canvas body and slip pockets. Exterior Front Out Of Shape, Scratched. Exterior Back Out Of Shape. Exterior Bottom Out Of Shape. Exterior Corners Worn. Exterior Side Out Of Shape. Exterior Top Out Of Shape, Worn. Practical Attachment Scratched. 

Inclusions: 
This item does not come with inclusions.

Louis Vuitton pieces do not come with an authenticity card�please refer to the production date code within the bag for its age and as an authenticity reference.


Country of Origin: Spain
Delivery will be within 1-2 weeks as this item will be coming from our international warehouse.",styletribute,,ACCESSORIES,"ACCESSORIES_LOUIS VUITTON_WOMEN_ALL, ALL, DESIGNER_ALL, LOUIS VUITTON_ALL, LOUIS VUITTON_WOMEN_ALL, WOMEN_ACCESSORIES_ALL, WOMEN_ALL",TRUE,Title,Default Title,,,,,SBUPAC281231,0,shopify,1,deny,manual,750,1120,TRUE,TRUE,,https://cdn.shopify.com/s/files/1/0806/3811/6158/products/f7ea4192f1e924d9286fb10aa29b7606.jpg?v=1692612963,1,,FALSE,,,,,,,,,,,,,,,kg,,,TRUE,TRUE,,,TRUE,,,TRUE,,,TRUE,,,TRUE,,,active
brown-monogram-canvas-neverfull-mm-france-11,Brown Monogram Canvas Neverfull MM France,"The Neverfull MM features a monogram canvas body, flat vachetta leather shoulder straps, an open top with lobster claw clasp closure, and an interior zip pocket. Exterior Front Discolored, Out Of Shape, Scratched. Exterior Front stained with Water Mark. Exterior Back Discolored, Out Of Shape, Scratched. Exterior Back stained with Water Mark. Exterior Bottom Discolored, Out Of Shape. Exterior Handle Discolored, Out Of Shape, Worn. Exterior Handle stained with Water Mark. Exterior Corners Discolored, Worn. Exterior Side Cracked, Discolored, Out Of Shape, Scratched. Exterior Top Discolored, Out Of Shape, Worn. Exterior Top stained with Water Mark. Interior Lining Discolored. Interior Pocket stained with Other. Practical Attachment Scratched. Zipper Scratched. 

Inclusions: 
Dust Bag

Louis Vuitton pieces do not come with an authenticity card�please refer to the production date code within the bag for its age and as an authenticity reference.

Hand Drop: 21.50 cm
Shoulder Drop: 20.50 cm

Serial Number: AR4078
Country of Origin: France",styletribute,,TOTE BAGS,"ALL, BAGS_LOUIS VUITTON_WOMEN_ALL, DESIGNER_ALL, LOUIS VUITTON_ALL, LOUIS VUITTON_WOMEN_ALL, WOMEN_ALL, WOMEN_BAGS_ALL, WOMEN_BAGS_TOTEBAGS",TRUE,Title,Default Title,,,,,SBUPBG277681,0,shopify,1,deny,manual,1860,2690,TRUE,TRUE,,https://cdn.shopify.com/s/files/1/0806/3811/6158/products/246b81d7078cd1bb7d7dee8777144d40.jpg?v=1692612953,1,,FALSE,,,,,,,,,,,,,,,kg,,,TRUE,TRUE,,,TRUE,,,TRUE,,,TRUE,,,TRUE,,,active
brown-damier-canvas-ebene-navona-france,Brown Damier Canvas Ebene Navona France,"The Navona features a damier canvas body, a flat leather strap, and a top zip closure. Exterior Front Out Of Shape. Exterior Back Out Of Shape. Exterior Bottom Scratched. Exterior Handle Out Of Shape, Scratched. Exterior Corners Worn. Exterior Side Scratched. Practical Attachment Rusty/Tarnished, Scratched. Zipper Rusty/Tarnished, Scratched. 

Inclusions: 
This item does not come with inclusions.

Louis Vuitton pieces do not come with an authenticity card�please refer to the production date code within the bag for its age and as an authenticity reference.

Hand Drop: 15.00 cm

Serial Number: FL0046
Country of Origin: France",styletribute,,SHOULDER BAGS,"ALL, BAGS_LOUIS VUITTON_WOMEN_ALL, DESIGNER_ALL, LOUIS VUITTON_ALL, LOUIS VUITTON_WOMEN_ALL, WOMEN_ALL, WOMEN_BAGS_ALL, WOMEN_BAGS_SHOULDERBAGS",TRUE,Title,Default Title,,,,,SBUPBG263790,0,shopify,1,deny,manual,1440,2150,TRUE,TRUE,,https://cdn.shopify.com/s/files/1/0806/3811/6158/products/767fd51c66f50c9a46b990dc55bc9e02.jpg?v=1692612935,1,,FALSE,,,,,,,,,,,,,,,kg,,,TRUE,TRUE,,,TRUE,,,TRUE,,,TRUE,,,TRUE,,,active
brown-monogram-canvas-popincourt-haut-france-1,Brown Monogram Canvas Popincourt Haut France,"The Popincourt Haut features a monogram canvas body with leather trim, flat leather shoulder straps, a top zip closure, and interior slip pockets. Exterior Front Discolored, Worn. Exterior Front stained with Water Mark. Exterior Back Discolored, Worn. Exterior Bottom Discolored, Worn. Exterior Pocket Discolored, Out Of Shape, Worn. Exterior Pocket stained with Water Mark. Exterior Corners Worn. Exterior Side Discolored, Worn. Exterior Top Discolored, Worn. Interior Lining Discolored, Worn. Interior Lining stained with Other. Interior Pocket Discolored, Worn. Interior Pocket stained with Other. Practical Attachment Scratched. Zipper Scratched. 

Inclusions: 
This item does not come with inclusions.

Louis Vuitton pieces do not come with an authenticity card�please refer to the production date code within the bag for its age and as an authenticity reference.

Hand Drop: 25.00 cm
Shoulder Drop: 22.00 cm

Serial Number: FL1068
Country of Origin: France",styletribute,,SHOULDER BAGS,"ALL, BAGS_LOUIS VUITTON_WOMEN_ALL, DESIGNER_ALL, LOUIS VUITTON_ALL, LOUIS VUITTON_WOMEN_ALL, WOMEN_ALL, WOMEN_BAGS_ALL, WOMEN_BAGS_SHOULDERBAGS",TRUE,Title,Default Title,,,,,SBUPBG273855,0,shopify,1,deny,manual,1220,1830,TRUE,TRUE,,https://cdn.shopify.com/s/files/1/0806/3811/6158/products/d9830498000849e5d97a6707c00c1b6a.jpg?v=1692612935,1,,FALSE,,,,,,,,,,,,,,,kg,,,TRUE,TRUE,,,TRUE,,,TRUE,,,TRUE,,,TRUE,,,active
red-dark-calf-leather-belt-italy,Red Dark Calf Leather Belt Italy,"This belt features a leather waist strap and a metal buckle closure. Exterior Front Out Of Shape, Scratched, Worn. Exterior Back Out Of Shape, Worn. Exterior Back stained with Other. 

Inclusions: 
This item does not come with inclusions.

Belt Size: 100.00 cm

Serial Number: 146439
Country of Origin: Italy
Delivery will be within 1-2 weeks as this item will be coming from our international warehouse.",styletribute,,BELTS,ALL,TRUE,Title,Default Title,,,,,SBUPAC281232,0,shopify,1,deny,manual,450,670,TRUE,TRUE,,https://cdn.shopify.com/s/files/1/0806/3811/6158/products/ae1df38079d48336eb4f42332c5df5d8.jpg?v=1692612931,1,,FALSE,,,,,,,,,,,,,,,kg,,,TRUE,TRUE,,,TRUE,,,TRUE,,,TRUE,,,TRUE,,,active
brown-beige-canvas-fabric-gg-jolicoeur-tote-bag-italy-1,Brown Beige Canvas Fabric GG Jolicoeur Tote Bag Italy,"The Jolicoeur features a canvas body, flat leather shoulder straps, an open top, and an interior zip and slip pockets. Exterior Back Discolored, Out Of Shape, Worn. Exterior Bottom Discolored, Out Of Shape, Worn. Exterior Corners Worn. Interior Lining Worn. Interior Lining stained with Other. Interior Pocket stained with Other. Embellishment Scratched. Practical Attachment Scratched. 

Inclusions: 
Dust Bag

Hand Drop: 21.00 cm

Serial Number: 137396 467891
Country of Origin: Italy",styletribute,,TOTE BAGS,"ALL, BAGS_GUCCI_WOMEN_ALL, DESIGNER_ALL, GUCCI_ALL, GUCCI_WOMEN_ALL, WOMEN_ALL, WOMEN_BAGS_ALL, WOMEN_BAGS_TOTEBAGS",TRUE,Title,Default Title,,,,,SBUPBG277682,0,shopify,1,deny,manual,690,950,TRUE,TRUE,,https://cdn.shopify.com/s/files/1/0806/3811/6158/products/b6bd967a2bb113294598be49dbfbb384.jpg?v=1692612919,1,,FALSE,,,,,,,,,,,,,,,kg,,,TRUE,TRUE,,,TRUE,,,TRUE,,,TRUE,,,TRUE,,,active
black-nylon-fabric-tote-bag-italy,Black Nylon Fabric Tote Bag Italy,"This tote bag features a nylon body, a front exterior zip pocket, flat handles, a top zip closure, and an interior zip pocket. Exterior Front stained with Other. Exterior Back stained with Other. Exterior Bottom stained with Other. Exterior Handle Scratched, Worn. Practical Attachment Scratched. 

Inclusions: 
This item does not come with inclusions.

Hand Drop: 10.00 cm

Serial Number: 019.2020.0528-06
Country of Origin: Italy
Delivery will be within 1-2 weeks as this item will be coming from our international warehouse.",styletribute,,TOTE BAGS,"ALL, BAGS_GUCCI_WOMEN_ALL, DESIGNER_ALL, GUCCI_ALL, GUCCI_WOMEN_ALL, WOMEN_ALL, WOMEN_BAGS_ALL, WOMEN_BAGS_TOTEBAGS",TRUE,Title,Default Title,,,,,SBUPBG281233,0,shopify,1,deny,manual,410,550,TRUE,TRUE,,https://cdn.shopify.com/s/files/1/0806/3811/6158/products/05780be642b7caec4acc52d6cd45c6df.jpg?v=1692612900,1,,FALSE,,,,,,,,,,,,,,,kg,,,TRUE,TRUE,,,TRUE,,,TRUE,,,TRUE,,,TRUE,,,active
black-patent-leather-gancini-handbag-italy,Black Patent Leather Gancini Handbag Italy,"This handbag features a patent leather body, rolled leather handles, top zip closure, and interior zip and slip pockets. Exterior Front Scratched. Exterior Back stained with Other. Exterior Bottom stained with Other. Exterior Handle Cracked. Exterior Corners Worn. Exterior Side Worn. Exterior Top Scratched. Interior Lining Loose Stitching. Embellishment Scratched. 

Inclusions: 
Dust Bag

Hand Drop: 11.00 cm

Serial Number: EY 21 A066
Country of Origin: Italy
Delivery will be within 1-2 weeks as this item will be coming from our international warehouse.",styletribute,,BAGS,"ALL, BAGS_SALVATORE FERRAGAMO_WOMEN_ALL, DESIGNER_ALL, SALVATORE FERRAGAMO_ALL, SALVATORE FERRAGAMO_WOMEN_ALL, WOMEN_ALL, WOMEN_BAGS_ALL",TRUE,Title,Default Title,,,,,SBUPBG280373,0,shopify,1,deny,manual,320,900,TRUE,TRUE,,https://cdn.shopify.com/s/files/1/0806/3811/6158/products/f014a8eeca3abe2b17f6ca4b4015913b.jpg?v=1692612892,1,,FALSE,,,,,,,,,,,,,,,kg,,,TRUE,TRUE,,,TRUE,,,TRUE,,,TRUE,,,TRUE,,,active
brown-coated-canvas-fabric-crystal-zucchino-mamma-forever-italy,Brown Coated Canvas Fabric Crystal Zucchino Mamma Forever Italy,"The Mamma Forever features a coated canvas body, a flat shoulder strap, a flap with magnetic snap closure, and an interior zip pocket. Exterior Bottom Out Of Shape, Worn. Exterior Handle Out Of Shape, Worn. Exterior Side Worn. Exterior Top Worn. Interior Lining Worn. Interior Pocket Worn. Lock Scratched. Embellishment Scratched. Practical Attachment Scratched. 

Inclusions: 
This item does not come with inclusions.

Shoulder Drop: 21.00 cm

Country of Origin: Italy
Delivery will be within 1-2 weeks as this item will be coming from our international warehouse.",styletribute,,SHOULDER BAGS,"ALL, BAGS_FENDI_WOMEN_ALL, DESIGNER_ALL, FENDI_ALL, FENDI_WOMEN_ALL, WOMEN_ALL, WOMEN_BAGS_ALL, WOMEN_BAGS_SHOULDERBAGS",TRUE,Title,Default Title,,,,,SBUPBG273863,0,shopify,1,deny,manual,1420,2130,TRUE,TRUE,,https://cdn.shopify.com/s/files/1/0806/3811/6158/products/50225b808841275b36e3c460346f8ceb.jpg?v=1692612884,1,,FALSE,,,,,,,,,,,,,,,kg,,,TRUE,TRUE,,,TRUE,,,TRUE,,,TRUE,,,TRUE,,,active
white-with-black-calf-leather-mini-motocross-classic-city-italy,White with Black Calf Leather Mini Motocross Classic City Italy,"The Mini City features a woven raffia body with leather trim, an exterior front zip pocket, rolled leather handles, a detachable flat leather strap, a top zip closure, and an interior zip pocket. Exterior Front Discolored, Worn. Exterior Back Discolored, Out Of Shape. Exterior Bottom Scratched, Worn. Exterior Handle Discolored, Worn. Exterior Pocket Worn. Exterior Corners Discolored, Worn. Exterior Side Discolored. Exterior Top Discolored, Worn. Interior Lining Discolored, Worn. Interior Pocket Discolored, Worn. Practical Attachment Scratched. Zipper Scratched. 

Inclusions: 
Dust Bag
Mirror

Hand Drop: 8.00 cm
Shoulder Drop: 52.00 cm

Serial Number: 300295
Country of Origin: Italy",styletribute,,SHOULDER BAGS,"ALL, BAGS_BALENCIAGA_WOMEN_ALL, BALENCIAGA_ALL, BALENCIAGA_WOMEN_ALL, DESIGNER_ALL, WOMEN_ALL, WOMEN_BAGS_ALL, WOMEN_BAGS_SHOULDERBAGS",TRUE,Title,Default Title,,,,,SBUPBG277683,0,shopify,1,deny,manual,1440,2150,TRUE,TRUE,,https://cdn.shopify.com/s/files/1/0806/3811/6158/products/ada72cd2f9d1615f09dd4ec871bfa63d.jpg?v=1692612877,1,,FALSE,,,,,,,,,,,,,,,kg,,,TRUE,TRUE,,,TRUE,,,TRUE,,,TRUE,,,TRUE,,,active
black-with-multi-monogram-canvas-game-on-zippy-coin-purse-france,Black with Multi Monogram Canvas Game On Zippy Coin Purse France,"This coin pouch features a monogram canvas body, a zip-around closure, and interior slip pockets and compartments. Exterior Back Worn. Exterior Corners Worn. Interior Lining Worn. Interior Pocket Out Of Shape. Embellishment Scratched. Zipper Scratched. 

Inclusions: 
Dust Bag
Box
Box

Louis Vuitton pieces do not come with an authenticity card�please refer to the production date code within the bag for its age and as an authenticity reference.


Serial Number: SN3290
Country of Origin: France
Delivery will be within 1-2 weeks as this item will be coming from our international warehouse.",styletribute,,WALLETS,"ACCESSORIES_LOUIS VUITTON_WOMEN_ALL, ALL, DESIGNER_ALL, LOUIS VUITTON_ALL, LOUIS VUITTON_WOMEN_ALL, WOMEN_ACCESSORIES_ALL, WOMEN_ACCESSORIES_WALLETS, WOMEN_ALL",TRUE,Title,Default Title,,,,,SBUPAC281234,0,shopify,1,deny,manual,1030,1550,TRUE,TRUE,,https://cdn.shopify.com/s/files/1/0806/3811/6158/products/09fbf518e1f267f682bd58ab04016853.jpg?v=1692612858,1,,FALSE,,,,,,,,,,,,,,,kg,,,TRUE,TRUE,,,TRUE,,,TRUE,,,TRUE,,,TRUE,,,active
black-nylon-fabric-tessuto-handbag-turkey,Black Nylon Fabric Tessuto Handbag Turkey,"This handbag features a nylon body with leather trim, rolled leather handles, top zip closure, and interior zip pocket. Exterior Front stained with Other. Exterior Back stained with Other. Exterior Handle stained with Other. Exterior Side stained with Other. Practical Attachment Scratched. 

Inclusions: 
Authenticity Card

Hand Drop: 12.50 cm

Serial Number: BL847B
Country of Origin: Turkey",styletribute,,BAGS,"ALL, BAGS_PRADA_WOMEN_ALL, DESIGNER_ALL, PRADA_ALL, PRADA_WOMEN_ALL, WOMEN_ALL, WOMEN_BAGS_ALL",TRUE,Title,Default Title,,,,,SBUPBG277684,0,shopify,1,deny,manual,760,1140,TRUE,TRUE,,https://cdn.shopify.com/s/files/1/0806/3811/6158/products/293cdef0be61a22317173fec88452879.jpg?v=1692612848,1,,FALSE,,,,,,,,,,,,,,,kg,,,TRUE,TRUE,,,TRUE,,,TRUE,,,TRUE,,,TRUE,,,active
brown-monogram-canvas-neverfull-pm-france-5,Brown Monogram Canvas Neverfull PM France,"The Neverfull PM features a monogram canvas body, flat leather handles, an open top with lobster claw clasp closure, and an interior zip pocket. Exterior Front Out Of Shape, Worn. Exterior Front stained with Water Mark. Exterior Back Out Of Shape, Worn. Exterior Back stained with Water Mark. Exterior Bottom Out Of Shape. Exterior Handle Out Of Shape, Worn. Exterior Handle stained with Water Mark. Exterior Corners Out Of Shape, Worn. Exterior Corners stained with Water Mark. Exterior Side Out Of Shape, Worn. Exterior Side stained with Water Mark. Exterior Top Worn. Exterior Top stained with Other. Interior Lining Worn. Interior Lining stained with Other. Interior Pocket Worn. Interior Pocket stained with Other. Lock Scratched. Practical Attachment Scratched. Zipper Scratched. 

Inclusions: 
Dust Bag

Louis Vuitton pieces do not come with an authenticity card�please refer to the production date code within the bag for its age and as an authenticity reference.

Hand Drop: 17.00 cm
Shoulder Drop: 17.00 cm

Serial Number: VI4077
Country of Origin: France
Delivery will be within 1-2 weeks as this item will be coming from our international warehouse.",styletribute,,TOTE BAGS,"ALL, BAGS_LOUIS VUITTON_WOMEN_ALL, DESIGNER_ALL, LOUIS VUITTON_ALL, LOUIS VUITTON_WOMEN_ALL, WOMEN_ALL, WOMEN_BAGS_ALL, WOMEN_BAGS_TOTEBAGS",TRUE,Title,Default Title,,,,,SBUPBG273865,0,shopify,1,deny,manual,2310,3460,TRUE,TRUE,,https://cdn.shopify.com/s/files/1/0806/3811/6158/products/60bc6462383b69c3491bfe57c06f2335.jpg?v=1692612847,1,,FALSE,,,,,,,,,,,,,,,kg,,,TRUE,TRUE,,,TRUE,,,TRUE,,,TRUE,,,TRUE,,,active
brown-beige-canvas-fabric-gg-tote-italy-3,Brown Beige Canvas Fabric GG Tote Italy,"This tote bag features a canvas body with leather trim, rolled leather shoulder straps, an open top, and an interior zip pocket. Exterior Front stained with Other. Exterior Bottom Out Of Shape, Scratched. Exterior Handle Discolored, Out Of Shape, Worn. Exterior Corners Out Of Shape. Exterior Side Out Of Shape, Worn. Exterior Top Discolored, Worn. Interior Lining Discolored, Worn. Interior Pocket Discolored, Worn. Practical Attachment Scratched. 

Inclusions: 
This item does not come with inclusions.

Hand Drop: 20.00 cm

Serial Number: 113017 002404
Country of Origin: Italy",styletribute,,TOTE BAGS,"ALL, BAGS_GUCCI_WOMEN_ALL, DESIGNER_ALL, GUCCI_ALL, GUCCI_WOMEN_ALL, WOMEN_ALL, WOMEN_BAGS_ALL, WOMEN_BAGS_TOTEBAGS",TRUE,Title,Default Title,,,,,SBUPBG280376,0,shopify,1,deny,manual,710,1070,TRUE,TRUE,,https://cdn.shopify.com/s/files/1/0806/3811/6158/products/375cde90e290862dc4b532bbdae893ff.jpg?v=1692612837,1,,FALSE,,,,,,,,,,,,,,,kg,,,TRUE,TRUE,,,TRUE,,,TRUE,,,TRUE,,,TRUE,,,active
brown-beige-canvas-fabric-canapa-bauletto-italy,Brown Beige Canvas Fabric Canapa Bauletto Italy,"This handbag features a canvas body with leather trim, rolled leather handles, a top zip closure, and an interior zip pocket. Exterior Front Worn. Exterior Front stained with Other. Exterior Back Worn. Exterior Back stained with Other. Exterior Bottom Worn. Exterior Bottom stained with Other. Exterior Handle Worn. Exterior Corners Worn. Exterior Side Worn. Exterior Side stained with Other. Interior Lining Scratched. Interior Pocket Scratched. Practical Attachment Scratched. 

Inclusions: 
Padlock
Key

Hand Drop: 16.00 cm

Country of Origin: Italy
Delivery will be within 1-2 weeks as this item will be coming from our international warehouse.",styletribute,,BAGS,"ALL, BAGS_PRADA_WOMEN_ALL, DESIGNER_ALL, PRADA_ALL, PRADA_WOMEN_ALL, WOMEN_ALL, WOMEN_BAGS_ALL",TRUE,Title,Default Title,,,,,SBUPBG281235,0,shopify,1,deny,manual,510,700,TRUE,TRUE,,https://cdn.shopify.com/s/files/1/0806/3811/6158/products/7f97843bad11ff6ec47d866a95dd3f32.jpg?v=1692612822,1,,FALSE,,,,,,,,,,,,,,,kg,,,TRUE,TRUE,,,TRUE,,,TRUE,,,TRUE,,,TRUE,,,active
white-calf-leather-vibe-drawstring-bucket-bag-italy,White Calf Leather Vibe Drawstring Bucket Bag Italy,"This bucket bag features a leather body, a flat leather handle, a detachable strap, a top drawstring closure, and an interior slip pocket. Practical Attachment Scratched. 

Inclusions: 
Dust Bag
Box
Authenticity Card
Box

Hand Drop: 11.00 cm
Shoulder Drop: 60.00 cm

Serial Number: 56-MA-0222
Country of Origin: Italy",styletribute,,SHOULDER BAGS,"ALL, BAGS_DIOR_WOMEN_ALL, DESIGNER_ALL, DIOR_ALL, DIOR_WOMEN_ALL, WOMEN_ALL, WOMEN_BAGS_ALL, WOMEN_BAGS_SHOULDERBAGS",TRUE,Title,Default Title,,,,,SBUPBG277685,0,shopify,1,deny,manual,2930,6150,TRUE,TRUE,,https://cdn.shopify.com/s/files/1/0806/3811/6158/products/0cdeb57583a9d3f5cde8ec54fc6a0fdc.jpg?v=1692612812,1,,FALSE,,,,,,,,,,,,,,,kg,,,TRUE,TRUE,,,TRUE,,,TRUE,,,TRUE,,,TRUE,,,active
brown-beige-canvas-fabric-gg-sukey-italy-2,Brown Beige Canvas Fabric GG Sukey Italy,"The Sukey features a canvas body, rolled leather handles, an open top with magnetic snap closure, and an interior zip pocket. Exterior Front Out Of Shape, Worn. Exterior Front stained with Transfer Of Color. Exterior Back Out Of Shape, Worn. Exterior Back stained with Other. Exterior Bottom stained with Other. Exterior Handle Scratched. Exterior Corners Worn. Exterior Corners stained with Other. Exterior Side Out Of Shape, Worn. Exterior Top Scratched. Interior Lining Scratched. Interior Pocket stained with Other. Embellishment Scratched. Practical Attachment Scratched. Zipper Scratched. 

Inclusions: 
This item does not come with inclusions.

Hand Drop: 15.00 cm

Serial Number: 211944
Country of Origin: Italy
Delivery will be within 1-2 weeks as this item will be coming from our international warehouse.",styletribute,,TOTE BAGS,"ALL, BAGS_GUCCI_WOMEN_ALL, DESIGNER_ALL, GUCCI_ALL, GUCCI_WOMEN_ALL, WOMEN_ALL, WOMEN_BAGS_ALL, WOMEN_BAGS_TOTEBAGS",TRUE,Title,Default Title,,,,,SBUPBG273869,0,shopify,1,deny,manual,930,1160,TRUE,TRUE,,https://cdn.shopify.com/s/files/1/0806/3811/6158/products/48114a6f38fc9f1b96f4acd073f480eb.jpg?v=1692612796,1,,FALSE,,,,,,,,,,,,,,,kg,,,TRUE,TRUE,,,TRUE,,,TRUE,,,TRUE,,,TRUE,,,active
brown-monogram-canvas-odeon-pm-spain-4,Brown Monogram Canvas Odeon PM Spain,"The Odeon PM features a monogram canvas body with vachetta leather trim, an exterior front slip pocket, an adjustable flat leather strap, a top zip closure, and interior slip pockets. Exterior Front Worn. Exterior Front stained with Water Mark. Exterior Back Worn. Exterior Back stained with Water Mark. Exterior Handle Worn. Exterior Handle stained with Water Mark. Exterior Corners Worn. Exterior Corners stained with Other. Exterior Side Worn. Exterior Top Worn. 

Inclusions: 
This item does not come with inclusions.

Louis Vuitton pieces do not come with an authenticity card�please refer to the production date code within the bag for its age and as an authenticity reference.

Shoulder Drop: 51.00 cm

Serial Number: CA4160
Country of Origin: Spain",styletribute,,BAGS,"ALL, BAGS_LOUIS VUITTON_WOMEN_ALL, DESIGNER_ALL, LOUIS VUITTON_ALL, LOUIS VUITTON_WOMEN_ALL, WOMEN_ALL, WOMEN_BAGS_ALL",TRUE,Title,Default Title,,,,,SBUPBG277692,0,shopify,1,deny,manual,1330,1920,TRUE,TRUE,,https://cdn.shopify.com/s/files/1/0806/3811/6158/products/cca3040dfeda52cc9878fc816af59928.jpg?v=1692612786,1,,FALSE,,,,,,,,,,,,,,,kg,,,TRUE,TRUE,,,TRUE,,,TRUE,,,TRUE,,,TRUE,,,active
black-nylon-fabric-tessuto-tote-bag-italy-2,Black Nylon Fabric Tessuto Tote Bag Italy,"This tote bag features a nylon body, flat leather handles, top zip closure, and interior zip pocket. Exterior Front Worn. Exterior Front stained with Other. Exterior Back Out Of Shape. Exterior Back stained with Other. Exterior Bottom Out Of Shape. Exterior Bottom stained with Other. Exterior Handle Discolored, Out Of Shape, Scratched, Worn. Exterior Side Worn. Exterior Top Discolored, Scratched, Worn. Interior Lining Discolored, Worn. Lock Scratched. Embellishment Scratched. Practical Attachment Scratched. 

Inclusions: 
This item does not come with inclusions.

Hand Drop: 20.00 cm

Country of Origin: Italy",styletribute,,TOTE BAGS,"ALL, BAGS_PRADA_WOMEN_ALL, DESIGNER_ALL, PRADA_ALL, PRADA_WOMEN_ALL, WOMEN_ALL, WOMEN_BAGS_ALL, WOMEN_BAGS_TOTEBAGS",TRUE,Title,Default Title,,,,,SBUPBG280378,0,shopify,1,deny,manual,940,1250,TRUE,TRUE,,https://cdn.shopify.com/s/files/1/0806/3811/6158/products/330b52c2a99e8fadf18d48cb7516408f.jpg?v=1692612783,1,,FALSE,,,,,,,,,,,,,,,kg,,,TRUE,TRUE,,,TRUE,,,TRUE,,,TRUE,,,TRUE,,,active
brown-monogram-canvas-speedy-25-france-3,Brown Monogram Canvas Speedy 25 France,"The Speedy 25 features a monogram canvas body, rolled vachetta leather handles, a top zip closure, and an interior slip pocket. Exterior Front Discolored, Worn. Exterior Front stained with Water Mark. Exterior Back Discolored, Worn. Exterior Back stained with Water Mark. Exterior Bottom Creased. Exterior Handle Discolored, Worn. Exterior Handle stained with Water Mark. Exterior Corners Discolored, Worn. Exterior Top Discolored, Worn. Interior Lining Discolored, Worn. Practical Attachment Rusty/Tarnished, Scratched. Zipper Scratched. 

Inclusions: 
Padlock
Key

Louis Vuitton pieces do not come with an authenticity card�please refer to the production date code within the bag for its age and as an authenticity reference.

Hand Drop: 9.00 cm
Shoulder Drop: 9.00 cm

Serial Number: SP0062
Country of Origin: France",styletribute,,BAGS,"ALL, BAGS_LOUIS VUITTON_WOMEN_ALL, DESIGNER_ALL, LOUIS VUITTON_ALL, LOUIS VUITTON_WOMEN_ALL, WOMEN_ALL, WOMEN_BAGS_ALL",TRUE,Title,Default Title,,,,,SBUPBG277695,0,shopify,1,deny,manual,1110,1490,TRUE,TRUE,,https://cdn.shopify.com/s/files/1/0806/3811/6158/products/aa0e78c77adb5610dba2cdb3097d1311.jpg?v=1692612759,1,,FALSE,,,,,,,,,,,,,,,kg,,,TRUE,TRUE,,,TRUE,,,TRUE,,,TRUE,,,TRUE,,,active
brown-beige-coated-canvas-fabric-gg-crystal-princy-shoulder-bag-italy,Brown Beige Coated Canvas Fabric GG Crystal Princy Shoulder Bag Italy,"This shoulder bag features a coated canvas body, rolled leather shoulder straps, a top zip closure, and interior zip and slip pockets. Exterior Front Out Of Shape, Worn. Exterior Back Out Of Shape. Exterior Handle Out Of Shape, Scratched. Exterior Corners Worn. Exterior Side Out Of Shape. Exterior Top Out Of Shape. Practical Attachment Scratched. 

Inclusions: 
This item does not come with inclusions.

Hand Drop: 22.00 cm
Shoulder Drop: 22.00 cm

Serial Number: 293594
Country of Origin: Italy
Delivery will be within 1-2 weeks as this item will be coming from our international warehouse.",styletribute,,SHOULDER BAGS,"ALL, BAGS_GUCCI_WOMEN_ALL, DESIGNER_ALL, GUCCI_ALL, GUCCI_WOMEN_ALL, WOMEN_ALL, WOMEN_BAGS_ALL, WOMEN_BAGS_SHOULDERBAGS",TRUE,Title,Default Title,,,,,SBUPBG273870,0,shopify,1,deny,manual,920,1300,TRUE,TRUE,,https://cdn.shopify.com/s/files/1/0806/3811/6158/products/144116892042782508f7082820af472f.jpg?v=1692612745,1,,FALSE,,,,,,,,,,,,,,,kg,,,TRUE,TRUE,,,TRUE,,,TRUE,,,TRUE,,,TRUE,,,active
pink-silk-fabric-arabesque-scarf-france,Pink Silk Fabric Arabesque Scarf France,"This scarf features a print on 100% silk. Exterior Front Creased. Exterior Front stained with Other. Exterior Back Creased, Discolored. 

Inclusions: 
This item does not come with inclusions.


Country of Origin: France
Delivery will be within 1-2 weeks as this item will be coming from our international warehouse.",styletribute,,SCARVES,"ACCESSORIES_HERMÈS_WOMEN_ALL, ALL, DESIGNER_ALL, HERMÈS_ALL, HERMÈS_WOMEN_ALL, WOMEN_ACCESSORIES_ALL, WOMEN_ACCESSORIES_SCARVES, WOMEN_ALL",TRUE,Title,Default Title,,,,,SBUPAC281236,0,shopify,1,deny,manual,500,740,TRUE,TRUE,,https://cdn.shopify.com/s/files/1/0806/3811/6158/products/69c1ae45cb0696d7b53862a5d4cc8bf7.jpg?v=1692612739,1,,FALSE,,,,,,,,,,,,,,,kg,,,TRUE,TRUE,,,TRUE,,,TRUE,,,TRUE,,,TRUE,,,active
brown-beige-coated-canvas-fabric-house-check-tote-italy,Brown Beige Coated Canvas Fabric House Check Tote Italy,"This tote bag features a coated canvas body, flat leather handles, an open top with magnetic snap closure, and an interior zip pocket. Exterior Front Discolored. Exterior Front stained with Other. Exterior Back Discolored. Exterior Bottom Discolored. Exterior Bottom stained with Other. Exterior Handle Scratched, Worn. Exterior Handle stained with Other. Exterior Side Discolored. Exterior Top Scratched, Worn. Lock Scratched. Practical Attachment Scratched. Zipper Scratched. 

Inclusions: 
This item does not come with inclusions.

Hand Drop: 25.50 cm
Shoulder Drop: 25.50 cm

Serial Number: T-02-1
Country of Origin: Italy",styletribute,,TOTE BAGS,"ALL, BAGS_BURBERRY_WOMEN_ALL, BURBERRY_ALL, BURBERRY_WOMEN_ALL, DESIGNER_ALL, WOMEN_ALL, WOMEN_BAGS_ALL, WOMEN_BAGS_TOTEBAGS",TRUE,Title,Default Title,,,,,SBUPBG280379,0,shopify,1,deny,manual,570,900,TRUE,TRUE,,https://cdn.shopify.com/s/files/1/0806/3811/6158/products/8b88a65c07044494184c6820ef5fe40b.jpg?v=1692612737,1,,FALSE,,,,,,,,,,,,,,,kg,,,TRUE,TRUE,,,TRUE,,,TRUE,,,TRUE,,,TRUE,,,active
brown-monogram-canvas-viva-cite-gm-france,Brown Monogram Canvas Viva Cite GM France,"The Viva Cite GM features a monogram canvas body, an adjustable flat vachetta leather shoulder strap, a top zip closure, exterior flap pockets, and interior slip pockets. Exterior Front Discolored, Out Of Shape, Worn. Exterior Back Discolored, Out Of Shape. Exterior Bottom Discolored, Out Of Shape, Worn. Exterior Handle Discolored, Out Of Shape, Worn. Exterior Corners Discolored, Worn. Exterior Side Discolored, Out Of Shape, Worn. Exterior Top Discolored, Out Of Shape, Worn. Interior Lining Worn. Lock Scratched. Zipper Rusty/Tarnished, Scratched. 

Inclusions: 
This item does not come with inclusions.

Louis Vuitton pieces do not come with an authenticity card�please refer to the production date code within the bag for its age and as an authenticity reference.

Hand Drop: 24.00 cm
Shoulder Drop: 24.00 cm

Serial Number: AR0066
Country of Origin: France",styletribute,,SHOULDER BAGS,"ALL, BAGS_LOUIS VUITTON_WOMEN_ALL, DESIGNER_ALL, LOUIS VUITTON_ALL, LOUIS VUITTON_WOMEN_ALL, WOMEN_ALL, WOMEN_BAGS_ALL, WOMEN_BAGS_SHOULDERBAGS",TRUE,Title,Default Title,,,,,SBUPBG277697,0,shopify,1,deny,manual,1290,1940,TRUE,TRUE,,https://cdn.shopify.com/s/files/1/0806/3811/6158/products/0a44a9b022be89392d0c0559b4a66143.jpg?v=1692612723,1,,FALSE,,,,,,,,,,,,,,,kg,,,TRUE,TRUE,,,TRUE,,,TRUE,,,TRUE,,,TRUE,,,active
brown-silk-fabric-paperoles-scarf-france,Brown Silk Fabric Paperoles Scarf France,"The Paperoles scarf features a print on 100% silk. Exterior Front Creased. Exterior Front stained with Other. Exterior Back Creased. 

Inclusions: 
This item does not come with inclusions.


Country of Origin: France
Delivery will be within 1-2 weeks as this item will be coming from our international warehouse.",styletribute,,SCARVES,"ACCESSORIES_HERMÈS_WOMEN_ALL, ALL, DESIGNER_ALL, HERMÈS_ALL, HERMÈS_WOMEN_ALL, WOMEN_ACCESSORIES_ALL, WOMEN_ACCESSORIES_SCARVES, WOMEN_ALL",TRUE,Title,Default Title,,,,,SBUPAC281237,0,shopify,1,deny,manual,410,620,TRUE,TRUE,,https://cdn.shopify.com/s/files/1/0806/3811/6158/products/46cb5ae8b3dfb6417fa08fb46fbf3173.jpg?v=1692612721,1,,FALSE,,,,,,,,,,,,,,,kg,,,TRUE,TRUE,,,TRUE,,,TRUE,,,TRUE,,,TRUE,,,active
black-calf-leather-small-bamboo-nymphaea-italy,Black Calf Leather Small Bamboo Nymphaea Italy,"The Nymphaea features a leather body, a bamboo handle, a detachable strap, an open top with magnetic closure, and interior slip pockets. Exterior Front Discolored, Scratched, Worn. Exterior Back Out Of Shape, Scratched, Worn. Exterior Bottom Scratched, Worn. Exterior Corners Discolored, Worn. Exterior Side Worn. Exterior Top Discolored, Scratched, Worn. Interior Lining Discolored, Worn. Interior Lining stained with Other. Interior Pocket Discolored, Worn. Interior Pocket stained with Other. Practical Attachment Scratched. 

Inclusions: 
This item does not come with inclusions.

Hand Drop: 10.00 cm
Shoulder Drop: 44.00 cm

Serial Number: 453767
Country of Origin: Italy",styletribute,,SHOULDER BAGS,"ALL, BAGS_GUCCI_WOMEN_ALL, DESIGNER_ALL, GUCCI_ALL, GUCCI_WOMEN_ALL, WOMEN_ALL, WOMEN_BAGS_ALL, WOMEN_BAGS_SHOULDERBAGS",TRUE,Title,Default Title,,,,,SBUPBG280380,0,shopify,1,deny,manual,1200,2390,TRUE,TRUE,,https://cdn.shopify.com/s/files/1/0806/3811/6158/products/2bb937e64699332115fe5a80c9881d9b.jpg?v=1692612703,1,,FALSE,,,,,,,,,,,,,,,kg,,,TRUE,TRUE,,,TRUE,,,TRUE,,,TRUE,,,TRUE,,,active
brown-monogram-canvas-neverfull-pm-france-4,Brown Monogram Canvas Neverfull PM France,"The Neverfull PM features a monogram canvas body, leather handles, a top lobster claw clasp closure, an interior zip pocket, and a removable zip pocket. Exterior Front Discolored, Out Of Shape, Worn. Exterior Back Discolored, Out Of Shape, Worn. Exterior Handle Discolored, Out Of Shape, Worn. Exterior Handle stained with Water Mark. Exterior Corners Worn. Exterior Side Discolored, Out Of Shape, Worn. Exterior Top Worn. Interior Lining Discolored. Interior Lining stained with Pen Mark. Interior Pocket Discolored. Lock Scratched. Practical Attachment Scratched. Zipper Scratched. 

Inclusions: 
Pouch

Louis Vuitton pieces do not come with an authenticity card�please refer to the production date code within the bag for its age and as an authenticity reference.

Hand Drop: 17.00 cm

Serial Number: AR2147
Country of Origin: France
Delivery will be within 1-2 weeks as this item will be coming from our international warehouse.",styletribute,,TOTE BAGS,"ALL, BAGS_LOUIS VUITTON_WOMEN_ALL, DESIGNER_ALL, LOUIS VUITTON_ALL, LOUIS VUITTON_WOMEN_ALL, WOMEN_ALL, WOMEN_BAGS_ALL, WOMEN_BAGS_TOTEBAGS",TRUE,Title,Default Title,,,,,SBUPBG273877,0,shopify,1,deny,manual,2540,3810,TRUE,TRUE,,https://cdn.shopify.com/s/files/1/0806/3811/6158/products/4cc4873afaf77af25e615f6a888e233d.jpg?v=1692612698,1,,FALSE,,,,,,,,,,,,,,,kg,,,TRUE,TRUE,,,TRUE,,,TRUE,,,TRUE,,,TRUE,,,active
gold-calf-leather-metallic-hobo-bag-italy,Gold Calf Leather Metallic Hobo Bag Italy,"This hobo bag features a metallic leather body, a flat shoulder strap, an open top with flat leather and crystal-embellished strap, and an interior zip pocket. Exterior Front Out Of Shape, Worn. Exterior Back Out Of Shape, Worn. Exterior Bottom Out Of Shape. Exterior Handle Out Of Shape, Worn. Exterior Corners Worn. Exterior Side Out Of Shape, Worn. Exterior Top Worn. Interior Lining stained with Other. Lock Scratched. Embellishment Scratched. Practical Attachment Scratched. Zipper Scratched. 

Inclusions: 
This item does not come with inclusions.

Hand Drop: 25.50 cm
Shoulder Drop: 25.50 cm

Country of Origin: Italy
Delivery will be within 1-2 weeks as this item will be coming from our international warehouse.",styletribute,,SHOULDER BAGS,"ALL, BAGS_FENDI_WOMEN_ALL, DESIGNER_ALL, FENDI_ALL, FENDI_WOMEN_ALL, WOMEN_ALL, WOMEN_BAGS_ALL, WOMEN_BAGS_SHOULDERBAGS",TRUE,Title,Default Title,,,,,SBUPBG277700,0,shopify,1,deny,manual,1720,2580,TRUE,TRUE,,https://cdn.shopify.com/s/files/1/0806/3811/6158/products/66ef9807c1f287a935bacd21be41e07a.jpg?v=1692612695,1,,FALSE,,,,,,,,,,,,,,,kg,,,TRUE,TRUE,,,TRUE,,,TRUE,,,TRUE,,,TRUE,,,active
blue-silk-fabric-printed-scarf-france,Blue Silk Fabric Printed Scarf France,"This scarf features a print on 100% silk. Exterior Front Creased. Exterior Back Creased. 

Inclusions: 
Box
Box


Country of Origin: France
Delivery will be within 1-2 weeks as this item will be coming from our international warehouse.",styletribute,,SCARVES,"ACCESSORIES_HERMÈS_WOMEN_ALL, ALL, DESIGNER_ALL, HERMÈS_ALL, HERMÈS_WOMEN_ALL, WOMEN_ACCESSORIES_ALL, WOMEN_ACCESSORIES_SCARVES, WOMEN_ALL",TRUE,Title,Default Title,,,,,SBUPAC281238,0,shopify,1,deny,manual,520,770,TRUE,TRUE,,https://cdn.shopify.com/s/files/1/0806/3811/6158/products/6202491a96260e9daef54857041b2018.jpg?v=1692612688,1,,FALSE,,,,,,,,,,,,,,,kg,,,TRUE,TRUE,,,TRUE,,,TRUE,,,TRUE,,,TRUE,,,active
brown-monogram-multicolore-canvas-epi-alma-bb-france,Brown Monogram Multicolore Canvas Epi Alma BB France,"The Alma BB features an epi leather body, rolled leather handles, a detachable flat leather strap, a top zip-around closure, and an interior slip pocket. Exterior Front Out Of Shape. Exterior Back Out Of Shape, Scratched. Exterior Bottom Scratched. Exterior Handle Out Of Shape, Scratched. Exterior Corners Out Of Shape, Worn. Key Scratched. Practical Attachment Scratched. 

Inclusions: 
Padlock
Key

Louis Vuitton pieces do not come with an authenticity card�please refer to the production date code within the bag for its age and as an authenticity reference.

Hand Drop: 9.00 cm
Shoulder Drop: 57.00 cm

Serial Number: MI0614
Country of Origin: France",styletribute,,SHOULDER BAGS,"ALL, BAGS_LOUIS VUITTON_WOMEN_ALL, DESIGNER_ALL, LOUIS VUITTON_ALL, LOUIS VUITTON_WOMEN_ALL, WOMEN_ALL, WOMEN_BAGS_ALL, WOMEN_BAGS_SHOULDERBAGS",TRUE,Title,Default Title,,,,,SBUPBG281239,0,shopify,1,deny,manual,2370,3550,TRUE,TRUE,,https://cdn.shopify.com/s/files/1/0806/3811/6158/products/627b8adf401450ca8da1630e92bbda55.jpg?v=1692612659,1,,FALSE,,,,,,,,,,,,,,,kg,,,TRUE,TRUE,,,TRUE,,,TRUE,,,TRUE,,,TRUE,,,active
brown-monogram-canvas-alma-pm-france-5,Brown Monogram Canvas Alma PM France,"The Monogram Alma PM features a monogram canvas body, rolled leather handles, a leather bottom, a top zip closure, and an interior slip pocket. Exterior Front Discolored, Out Of Shape, Worn. Exterior Front stained with Water Mark. Exterior Back Discolored, Out Of Shape. Exterior Back stained with Water Mark. Exterior Bottom Discolored, Worn. Exterior Bottom stained with Water Mark. Exterior Handle Discolored, Worn. Exterior Handle stained with Water Mark. Exterior Pocket Discolored. Exterior Corners Worn. Exterior Side Discolored, Worn. Exterior Side stained with Water Mark. Interior Lining Discolored. Interior Pocket Discolored, Worn. Practical Attachment Scratched. Zipper Scratched. 

Inclusions: 
This item does not come with inclusions.

Louis Vuitton pieces do not come with an authenticity card�please refer to the production date code within the bag for its age and as an authenticity reference.

Hand Drop: 8.00 cm

Serial Number: BA0946
Country of Origin: France",styletribute,,BAGS,"ALL, BAGS_LOUIS VUITTON_WOMEN_ALL, DESIGNER_ALL, LOUIS VUITTON_ALL, LOUIS VUITTON_WOMEN_ALL, WOMEN_ALL, WOMEN_BAGS_ALL",TRUE,Title,Default Title,,,,,SBUPBG277704,0,shopify,1,deny,manual,820,1960,TRUE,TRUE,,https://cdn.shopify.com/s/files/1/0806/3811/6158/products/ead8c0a1e31949d95fc4410a0f3a4cd8.jpg?v=1692612652,1,,FALSE,,,,,,,,,,,,,,,kg,,,TRUE,TRUE,,,TRUE,,,TRUE,,,TRUE,,,TRUE,,,active
brown-damier-canvas-ebene-neverfull-mm-spain-3,Brown Damier Canvas Ebene Neverfull MM Spain,"The Neverfull MM features the Damier Ebene canvas body with leather trim, flat leather straps, a top lobster claw clasp closure, and an interior zip pocket. Exterior Front Out Of Shape, Worn. Exterior Back Out Of Shape, Worn. Exterior Bottom Out Of Shape. Exterior Handle Cracked, Out Of Shape, Worn. Exterior Corners Discolored, Worn. Exterior Side Out Of Shape, Worn. Exterior Top Worn. Interior Lining Discolored. Interior Lining stained with Other. Lock Scratched. Practical Attachment Scratched. Zipper Scratched. 

Inclusions: 
Pouch

Louis Vuitton pieces do not come with an authenticity card�please refer to the production date code within the bag for its age and as an authenticity reference.

Hand Drop: 19.50 cm
Shoulder Drop: 20.00 cm

Serial Number: GI 3114
Country of Origin: Spain
Delivery will be within 1-2 weeks as this item will be coming from our international warehouse.",styletribute,,TOTE BAGS,"ALL, BAGS_LOUIS VUITTON_WOMEN_ALL, DESIGNER_ALL, LOUIS VUITTON_ALL, LOUIS VUITTON_WOMEN_ALL, WOMEN_ALL, WOMEN_BAGS_ALL, WOMEN_BAGS_TOTEBAGS",TRUE,Title,Default Title,,,,,SBUPBG273878,0,shopify,1,deny,manual,2600,3900,TRUE,TRUE,,https://cdn.shopify.com/s/files/1/0806/3811/6158/products/b4ea904031a536484ababc62ad11afad.jpg?v=1692612631,1,,FALSE,,,,,,,,,,,,,,,kg,,,TRUE,TRUE,,,TRUE,,,TRUE,,,TRUE,,,TRUE,,,active
brown-monogram-canvas-pochette-accessoires-france-19,Brown Monogram Canvas Pochette Accessoires France,"The Pochette Accessoires features a monogram canvas body, a flat leather handle, and a top zip closure. Exterior Front Out Of Shape, Worn. Exterior Back Out Of Shape, Worn. Exterior Bottom Out Of Shape, Worn. Exterior Handle Out Of Shape, Worn. Exterior Handle stained with Water Mark. Exterior Corners Worn. Exterior Side Out Of Shape, Worn. Practical Attachment Scratched. Zipper Rusty/Tarnished, Scratched. 

Inclusions: 
Dust Bag

Louis Vuitton pieces do not come with an authenticity card�please refer to the production date code within the bag for its age and as an authenticity reference.

Hand Drop: 14.50 cm
Shoulder Drop: 14.50 cm

Serial Number: VI 0061
Country of Origin: France",styletribute,,SHOULDER BAGS,"ALL, BAGS_LOUIS VUITTON_WOMEN_ALL, DESIGNER_ALL, LOUIS VUITTON_ALL, LOUIS VUITTON_WOMEN_ALL, WOMEN_ALL, WOMEN_BAGS_ALL, WOMEN_BAGS_SHOULDERBAGS",TRUE,Title,Default Title,,,,,SBUPBG281240,0,shopify,1,deny,manual,1150,1720,TRUE,TRUE,,https://cdn.shopify.com/s/files/1/0806/3811/6158/products/a848764c81fa0789e41c3862ab088609.jpg?v=1692612611,1,,FALSE,,,,,,,,,,,,,,,kg,,,TRUE,TRUE,,,TRUE,,,TRUE,,,TRUE,,,TRUE,,,active
gold-plated-metal-rhinestone-logo-clip-on-earrings-germany,Gold Plated Metal Rhinestone Logo Clip-On Earrings Germany,"These earrings feature a metal body, and clip on closures. Exterior Front Scratched. Exterior Back Scratched. Practical Attachment Scratched. 

Inclusions: 
This item does not come with inclusions.


Country of Origin: Germany",styletribute,,EARRINGS,"ALL, DESIGNER_ALL, DIOR_ALL, DIOR_WOMEN_ALL, JEWELLERY_DIOR_WOMEN_ALL, WOMEN_ALL, WOMEN_JEWELLERY_ALL, WOMEN_JEWELLERY_EARRINGS",TRUE,Title,Default Title,,,,,SBUPJW277708,0,shopify,1,deny,manual,470,820,TRUE,TRUE,,https://cdn.shopify.com/s/files/1/0806/3811/6158/products/4e45e222c0d579ff3f458c5387c328f1.jpg?v=1692612611,1,,FALSE,,,,,,,,,,,,,,,kg,,,TRUE,TRUE,,,TRUE,,,TRUE,,,TRUE,,,TRUE,,,active
brown-monogram-canvas-babylone-france-1,Brown Monogram Canvas Babylone France,"The Babylone features a monogram canvas body, flat leather straps, a top zip closure, and interior zip and open pockets. Exterior Front Discolored, Out Of Shape, Worn. Exterior Front stained with Other. Exterior Back Discolored, Out Of Shape, Worn. Exterior Back stained with Other. Exterior Bottom Out Of Shape, Worn. Exterior Handle Discolored, Worn. Exterior Handle stained with Other. Exterior Corners Worn. Exterior Side Out Of Shape, Worn. Interior Lining stained with Other. Interior Pocket stained with Other. Item has an odor of Other. Zipper Scratched. 

Inclusions: 
This item does not come with inclusions.

Louis Vuitton pieces do not come with an authenticity card�please refer to the production date code within the bag for its age and as an authenticity reference.

Shoulder Drop: 30.00 cm

Serial Number: MB0010
Country of Origin: France",styletribute,,SHOULDER BAGS,"ALL, BAGS_LOUIS VUITTON_WOMEN_ALL, DESIGNER_ALL, LOUIS VUITTON_ALL, LOUIS VUITTON_WOMEN_ALL, WOMEN_ALL, WOMEN_BAGS_ALL, WOMEN_BAGS_SHOULDERBAGS",TRUE,Title,Default Title,,,,,SBUPBG280382,0,shopify,1,deny,manual,990,1250,TRUE,TRUE,,https://cdn.shopify.com/s/files/1/0806/3811/6158/products/0c684715e6b604d1c2bf96ebb4f407e5.jpg?v=1692612606,1,,FALSE,,,,,,,,,,,,,,,kg,,,TRUE,TRUE,,,TRUE,,,TRUE,,,TRUE,,,TRUE,,,active
blue-canvas-fabric-oblique-trotter-trifold-wallet-spain,Blue Canvas Fabric Oblique Trotter Trifold Wallet Spain,"This wallet features a canvas body, a flap with snap button closure, and interior slip pockets. Exterior Front Discolored, Out Of Shape, Scratched. Exterior Front stained with Other. Exterior Back Discolored, Out Of Shape, Worn. Exterior Back stained with Other. Exterior Bottom Discolored, Out Of Shape, Worn. Exterior Corners Worn. Exterior Side Out Of Shape. Exterior Top Discolored, Out Of Shape, Worn. Interior Lining Scratched. Interior Pocket Worn. Lock Scratched. 

Inclusions: 
This item does not come with inclusions.


Serial Number: CM0014
Country of Origin: Spain",styletribute,,WALLETS,"ACCESSORIES_DIOR_WOMEN_ALL, ALL, DESIGNER_ALL, DIOR_ALL, DIOR_WOMEN_ALL, WOMEN_ACCESSORIES_ALL, WOMEN_ACCESSORIES_WALLETS, WOMEN_ALL",TRUE,Title,Default Title,,,,,SBUPAC277710,0,shopify,1,deny,manual,410,620,TRUE,TRUE,,https://cdn.shopify.com/s/files/1/0806/3811/6158/products/34839ae3aa8d5fa5bbdbe3393df4262b.jpg?v=1692612598,1,,FALSE,,,,,,,,,,,,,,,kg,,,TRUE,TRUE,,,TRUE,,,TRUE,,,TRUE,,,TRUE,,,active
black-calf-leather-saffiano-business-bag-italy,Black Calf Leather Saffiano Business Bag Italy,"This business bag features a saffiano leather body, rolled handles, a detachable flat strap, a top zip closure, and interior zip and slip pockets. Exterior Front Out Of Shape, Worn. Exterior Back Out Of Shape, Worn. Exterior Bottom Out Of Shape, Worn. Exterior Handle Out Of Shape, Worn. Exterior Corners Worn. Exterior Side Out Of Shape, Worn. Exterior Top Discolored, Out Of Shape, Worn. Practical Attachment Rusty/Tarnished, Scratched. Zipper Rusty/Tarnished, Scratched. 

Inclusions: 
This item does not come with inclusions.

Hand Drop: 15.00 cm

Country of Origin: Italy
Delivery will be within 1-2 weeks as this item will be coming from our international warehouse.",styletribute,,LAPTOP BAGS,"ALL, BAGS_PRADA_WOMEN_ALL, DESIGNER_ALL, PRADA_ALL, PRADA_WOMEN_ALL, WOMEN_ALL, WOMEN_BAGS_ALL, WOMEN_BAGS_LAPTOPBAGS",TRUE,Title,Default Title,,,,,SBUPBG281241,0,shopify,1,deny,manual,840,1800,TRUE,TRUE,,https://cdn.shopify.com/s/files/1/0806/3811/6158/products/b172a0a04ceb6a1003a850ea6e2f1f48.jpg?v=1692612568,1,,FALSE,,,,,,,,,,,,,,,kg,,,TRUE,TRUE,,,TRUE,,,TRUE,,,TRUE,,,TRUE,,,active
black-calf-leather-medium-id93-italy,Black Calf Leather Medium ID93 Italy,"The ID93 bag features a leather body, a rolled top handle, a detachable handle, and a top zip closure. Exterior Front Out Of Shape. Exterior Back Out Of Shape. Exterior Bottom Out Of Shape. Exterior Handle Out Of Shape, Scratched. Exterior Side Out Of Shape. Interior Lining Scratched. Practical Attachment Scratched. Zipper Scratched. 

Inclusions: 
Dust Bag

Hand Drop: 12.00 cm
Shoulder Drop: 15.00 cm

Country of Origin: Italy",styletribute,,BAGS,"ALL, BAGS_GIVENCHY_WOMEN_ALL, DESIGNER_ALL, GIVENCHY_ALL, GIVENCHY_WOMEN_ALL, WOMEN_ALL, WOMEN_BAGS_ALL",TRUE,Title,Default Title,,,,,SBUPBG264510,0,shopify,1,deny,manual,1890,2830,TRUE,TRUE,,https://cdn.shopify.com/s/files/1/0806/3811/6158/products/786f2e1d1df6ee55665fd7c9cfdf98ac.jpg?v=1692612564,1,,FALSE,,,,,,,,,,,,,,,kg,,,TRUE,TRUE,,,TRUE,,,TRUE,,,TRUE,,,TRUE,,,active
silver-calf-leather-horsebit-hobo-bag-italy,Silver Calf Leather Horsebit Hobo Bag Italy,"This hobo bag features a leather body, a flat leather strap with a gold-tone horsebit detail, a top zip closure, and an interior zip pocket. Exterior Front Discolored, Scratched, Worn. Exterior Back Discolored, Scratched, Worn. Exterior Bottom Discolored, Scratched, Worn. Exterior Handle Discolored, Scratched, Worn. Exterior Side Discolored, Worn. Exterior Top Out Of Shape, Worn. Interior Lining Discolored. Interior Pocket Discolored. Embellishment Scratched. Practical Attachment Scratched. Zipper Scratched. 

Inclusions: 
This item does not come with inclusions.

Hand Drop: 13.50 cm

Serial Number: 211986
Country of Origin: Italy",styletribute,,SHOULDER BAGS,"ALL, BAGS_GUCCI_WOMEN_ALL, DESIGNER_ALL, GUCCI_ALL, GUCCI_WOMEN_ALL, WOMEN_ALL, WOMEN_BAGS_ALL, WOMEN_BAGS_SHOULDERBAGS",TRUE,Title,Default Title,,,,,SBUPBG280383,0,shopify,1,deny,manual,710,1070,TRUE,TRUE,,https://cdn.shopify.com/s/files/1/0806/3811/6158/products/e571d37ac011991eecc9c04eb4eb9b8e.jpg?v=1692612564,1,,FALSE,,,,,,,,,,,,,,,kg,,,TRUE,TRUE,,,TRUE,,,TRUE,,,TRUE,,,TRUE,,,active
brown-damier-canvas-ebene-rivington-pm-france-1,Brown Damier Canvas Ebene Rivington PM France,"The Damier Ebene Rivington PM features a damier canvas body with leather trim, flat leather straps, a two way top zip closure, and an interior slip pocket. Exterior Front Out Of Shape, Scratched, Worn. Exterior Front stained with Other. Exterior Back Discolored, Out Of Shape, Worn. Exterior Back stained with Other. Exterior Bottom Out Of Shape. Exterior Handle Scratched. Exterior Handle stained with Other. Exterior Corners Worn. Exterior Side Out Of Shape, Scratched. Exterior Top Out Of Shape. Interior Lining Discolored, Scratched. Interior Lining stained with Other. Interior Pocket Discolored, Worn. Practical Attachment Scratched. Zipper Rusty/Tarnished, Scratched. 

Inclusions: 
This item does not come with inclusions.

Louis Vuitton pieces do not come with an authenticity card�please refer to the production date code within the bag for its age and as an authenticity reference.

Hand Drop: 27.00 cm

Serial Number: FL0111
Country of Origin: France
Delivery will be within 1-2 weeks as this item will be coming from our international warehouse.",styletribute,,SHOULDER BAGS,"ALL, BAGS_LOUIS VUITTON_WOMEN_ALL, DESIGNER_ALL, LOUIS VUITTON_ALL, LOUIS VUITTON_WOMEN_ALL, WOMEN_ALL, WOMEN_BAGS_ALL, WOMEN_BAGS_SHOULDERBAGS",TRUE,Title,Default Title,,,,,SBUPBG273880,0,shopify,1,deny,manual,1290,1940,TRUE,TRUE,,https://cdn.shopify.com/s/files/1/0806/3811/6158/products/cb56dda585dc141c8b97433aa2437f6b.jpg?v=1692612559,1,,FALSE,,,,,,,,,,,,,,,kg,,,TRUE,TRUE,,,TRUE,,,TRUE,,,TRUE,,,TRUE,,,active
white-with-multi-monogram-multicolore-canvas-trouville-france,White with Multi Monogram Multicolore Canvas Trouville France,"The Trouville features a monogram multicolore canvas body, gold-tone studs, rolled leather handles, an exterior slip pocket, and a top zip closure. Exterior Front Discolored, Out Of Shape, Scratched, Worn. Exterior Back Discolored, Out Of Shape, Worn. Exterior Back stained with Water Mark. Exterior Bottom Discolored, Out Of Shape, Worn. Exterior Handle Discolored, Out Of Shape, Scratched. Exterior Corners Worn. Exterior Side Discolored, Out Of Shape, Scratched. Exterior Top Discolored, Out Of Shape, Worn. Interior Lining Worn. Interior Lining stained with Other. Practical Attachment Scratched. Zipper Scratched. 

Inclusions: 
This item does not come with inclusions.

Louis Vuitton pieces do not come with an authenticity card�please refer to the production date code within the bag for its age and as an authenticity reference.

Hand Drop: 8.50 cm

Country of Origin: France",styletribute,,BAGS,"ALL, BAGS_LOUIS VUITTON_WOMEN_ALL, DESIGNER_ALL, LOUIS VUITTON_ALL, LOUIS VUITTON_WOMEN_ALL, WOMEN_ALL, WOMEN_BAGS_ALL",TRUE,Title,Default Title,,,,,SBUPBG277711,0,shopify,1,deny,manual,1930,2890,TRUE,TRUE,,https://cdn.shopify.com/s/files/1/0806/3811/6158/products/6ba346cac65523848f06b4b4ea173512.jpg?v=1692612558,1,,FALSE,,,,,,,,,,,,,,,kg,,,TRUE,TRUE,,,TRUE,,,TRUE,,,TRUE,,,TRUE,,,active
brown-monogram-canvas-pochette-twin-gm-france-5,Brown Monogram Canvas Pochette Twin GM France,"The Monogram Pochette Twin GM features a monogram canvas body, flat leather strap, and a front flap with magnetic snap closure Exterior Front Discolored, Out Of Shape, Worn. Exterior Back Discolored, Out Of Shape. Exterior Bottom Out Of Shape. Exterior Handle Discolored, Out Of Shape. Exterior Corners Worn. Exterior Side Discolored, Worn. Interior Lining Discolored, Worn. Interior Lining stained with Other. Lock Scratched. 

Inclusions: 
This item does not come with inclusions.

Louis Vuitton pieces do not come with an authenticity card�please refer to the production date code within the bag for its age and as an authenticity reference.

Hand Drop: 20.00 cm
Shoulder Drop: 50.00 cm

Serial Number: FL0050
Country of Origin: France",styletribute,,BAGS,"ALL, BAGS_LOUIS VUITTON_WOMEN_ALL, DESIGNER_ALL, LOUIS VUITTON_ALL, LOUIS VUITTON_WOMEN_ALL, WOMEN_ALL, WOMEN_BAGS_ALL",TRUE,Title,Default Title,,,,,SBUPBG280384,0,shopify,1,deny,manual,930,1390,TRUE,TRUE,,https://cdn.shopify.com/s/files/1/0806/3811/6158/products/92583721992be3bd2750f84019a44352.jpg?v=1692612523,1,,FALSE,,,,,,,,,,,,,,,kg,,,TRUE,TRUE,,,TRUE,,,TRUE,,,TRUE,,,TRUE,,,active
green-lambskin-leather-mini-intrecciato-loop-italy,Green Lambskin Leather Mini Intrecciato Loop Italy,"The Mini Intrecciato Loop features a woven leather body, leather shoulder strap, and a top zip closure. Exterior Front Discolored, Worn. Exterior Handle Out Of Shape. Exterior Corners Discolored, Worn. Exterior Side Discolored, Worn. Exterior Top Discolored, Worn. Interior Lining Worn. Practical Attachment Scratched. 

Inclusions: 
Dust Bag

Shoulder Drop: 50.00 cm

Country of Origin: Italy",styletribute,,BAGS,"ALL, BAGS_BOTTEGA VENETA_WOMEN_ALL, BOTTEGA VENETA_ALL, BOTTEGA VENETA_WOMEN_ALL, DESIGNER_ALL, WOMEN_ALL, WOMEN_BAGS_ALL",TRUE,Title,Default Title,,,,,SBUPBG277715,0,shopify,1,deny,manual,1840,2760,TRUE,TRUE,,https://cdn.shopify.com/s/files/1/0806/3811/6158/products/d83dba933413691d3947f3f48b68bd88.jpg?v=1692612521,1,,FALSE,,,,,,,,,,,,,,,kg,,,TRUE,TRUE,,,TRUE,,,TRUE,,,TRUE,,,TRUE,,,active
,,,,,,,,,,,,,,,,,,,,,,,,,,,,,,,,,,,,,,,,,,,,,,,,,,,,,,,,,,,,,,
,,,,,,,,,,,,,,,,,,,,,,,,,,,,,,,,,,,,,,,,,,,,,,,,,,,,,,,,,,,,,,
,,,,,,,,,,,,,,,,,,,,,,,,,,,,,,,,,,,,,,,,,,,,,,,,,,,,,,,,,,,,,,
,,,,,,,,,,,,,,,,,,,,,,,,,,,,,,,,,,,,,,,,,,,,,,,,,,,,,,,,,,,,,,
,,,,,,,,,,,,,,,,,,,,,,,,,,,,,,,,,,,,,,,,,,,,,,,,,,,,,,,,,,,,,,
,,,,,,,,,,,,,,,,,,,,,,,,,,,,,,,,,,,,,,,,,,,,,,,,,,,,,,,,,,,,,,
,,,,,,,,,,,,,,,,,,,,,,,,,,,,,,,,,,,,,,,,,,,,,,,,,,,,,,,,,,,,,,
,,,,,,,,,,,,,,,,,,,,,,,,,,,,,,,,,,,,,,,,,,,,,,,,,,,,,,,,,,,,,,
,,,,,,,,,,,,,,,,,,,,,,,,,,,,,,,,,,,,,,,,,,,,,,,,,,,,,,,,,,,,,,
,,,,,,,,,,,,,,,,,,,,,,,,,,,,,,,,,,,,,,,,,,,,,,,,,,,,,,,,,,,,,,
,,,,,,,,,,,,,,,,,,,,,,,,,,,,,,,,,,,,,,,,,,,,,,,,,,,,,,,,,,,,,,
,,,,,,,,,,,,,,,,,,,,,,,,,,,,,,,,,,,,,,,,,,,,,,,,,,,,,,,,,,,,,,
,,,,,,,,,,,,,,,,,,,,,,,,,,,,,,,,,,,,,,,,,,,,,,,,,,,,,,,,,,,,,,
,,,,,,,,,,,,,,,,,,,,,,,,,,,,,,,,,,,,,,,,,,,,,,,,,,,,,,,,,,,,,,
,,,,,,,,,,,,,,,,,,,,,,,,,,,,,,,,,,,,,,,,,,,,,,,,,,,,,,,,,,,,,,
,,,,,,,,,,,,,,,,,,,,,,,,,,,,,,,,,,,,,,,,,,,,,,,,,,,,,,,,,,,,,,
,,,,,,,,,,,,,,,,,,,,,,,,,,,,,,,,,,,,,,,,,,,,,,,,,,,,,,,,,,,,,,
,,,,,,,,,,,,,,,,,,,,,,,,,,,,,,,,,,,,,,,,,,,,,,,,,,,,,,,,,,,,,,
,,,,,,,,,,,,,,,,,,,,,,,,,,,,,,,,,,,,,,,,,,,,,,,,,,,,,,,,,,,,,,
,,,,,,,,,,,,,,,,,,,,,,,,,,,,,,,,,,,,,,,,,,,,,,,,,,,,,,,,,,,,,,
,,,,,,,,,,,,,,,,,,,,,,,,,,,,,,,,,,,,,,,,,,,,,,,,,,,,,,,,,,,,,,
,,,,,,,,,,,,,,,,,,,,,,,,,,,,,,,,,,,,,,,,,,,,,,,,,,,,,,,,,,,,,,
,,,,,,,,,,,,,,,,,,,,,,,,,,,,,,,,,,,,,,,,,,,,,,,,,,,,,,,,,,,,,,
,,,,,,,,,,,,,,,,,,,,,,,,,,,,,,,,,,,,,,,,,,,,,,,,,,,,,,,,,,,,,,
,,,,,,,,,,,,,,,,,,,,,,,,,,,,,,,,,,,,,,,,,,,,,,,,,,,,,,,,,,,,,,
,,,,,,,,,,,,,,,,,,,,,,,,,,,,,,,,,,,,,,,,,,,,,,,,,,,,,,,,,,,,,,
,,,,,,,,,,,,,,,,,,,,,,,,,,,,,,,,,,,,,,,,,,,,,,,,,,,,,,,,,,,,,,
,,,,,,,,,,,,,,,,,,,,,,,,,,,,,,,,,,,,,,,,,,,,,,,,,,,,,,,,,,,,,,
,,,,,,,,,,,,,,,,,,,,,,,,,,,,,,,,,,,,,,,,,,,,,,,,,,,,,,,,,,,,,,
,,,,,,,,,,,,,,,,,,,,,,,,,,,,,,,,,,,,,,,,,,,,,,,,,,,,,,,,,,,,,,
,,,,,,,,,,,,,,,,,,,,,,,,,,,,,,,,,,,,,,,,,,,,,,,,,,,,,,,,,,,,,,
,,,,,,,,,,,,,,,,,,,,,,,,,,,,,,,,,,,,,,,,,,,,,,,,,,,,,,,,,,,,,,
,,,,,,,,,,,,,,,,,,,,,,,,,,,,,,,,,,,,,,,,,,,,,,,,,,,,,,,,,,,,,,
,,,,,,,,,,,,,,,,,,,,,,,,,,,,,,,,,,,,,,,,,,,,,,,,,,,,,,,,,,,,,,
,,,,,,,,,,,,,,,,,,,,,,,,,,,,,,,,,,,,,,,,,,,,,,,,,,,,,,,,,,,,,,
,,,,,,,,,,,,,,,,,,,,,,,,,,,,,,,,,,,,,,,,,,,,,,,,,,,,,,,,,,,,,,
,,,,,,,,,,,,,,,,,,,,,,,,,,,,,,,,,,,,,,,,,,,,,,,,,,,,,,,,,,,,,,
,,,,,,,,,,,,,,,,,,,,,,,,,,,,,,,,,,,,,,,,,,,,,,,,,,,,,,,,,,,,,,
,,,,,,,,,,,,,,,,,,,,,,,,,,,,,,,,,,,,,,,,,,,,,,,,,,,,,,,,,,,,,,
,,,,,,,,,,,,,,,,,,,,,,,,,,,,,,,,,,,,,,,,,,,,,,,,,,,,,,,,,,,,,,
,,,,,,,,,,,,,,,,,,,,,,,,,,,,,,,,,,,,,,,,,,,,,,,,,,,,,,,,,,,,,,
,,,,,,,,,,,,,,,,,,,,,,,,,,,,,,,,,,,,,,,,,,,,,,,,,,,,,,,,,,,,,,
,,,,,,,,,,,,,,,,,,,,,,,,,,,,,,,,,,,,,,,,,,,,,,,,,,,,,,,,,,,,,,
,,,,,,,,,,,,,,,,,,,,,,,,,,,,,,,,,,,,,,,,,,,,,,,,,,,,,,,,,,,,,,
,,,,,,,,,,,,,,,,,,,,,,,,,,,,,,,,,,,,,,,,,,,,,,,,,,,,,,,,,,,,,,
,,,,,,,,,,,,,,,,,,,,,,,,,,,,,,,,,,,,,,,,,,,,,,,,,,,,,,,,,,,,,,
,,,,,,,,,,,,,,,,,,,,,,,,,,,,,,,,,,,,,,,,,,,,,,,,,,,,,,,,,,,,,,
,,,,,,,,,,,,,,,,,,,,,,,,,,,,,,,,,,,,,,,,,,,,,,,,,,,,,,,,,,,,,,
,,,,,,,,,,,,,,,,,,,,,,,,,,,,,,,,,,,,,,,,,,,,,,,,,,,,,,,,,,,,,,
,,,,,,,,,,,,,,,,,,,,,,,,,,,,,,,,,,,,,,,,,,,,,,,,,,,,,,,,,,,,,,
,,,,,,,,,,,,,,,,,,,,,,,,,,,,,,,,,,,,,,,,,,,,,,,,,,,,,,,,,,,,,,
,,,,,,,,,,,,,,,,,,,,,,,,,,,,,,,,,,,,,,,,,,,,,,,,,,,,,,,,,,,,,,
,,,,,,,,,,,,,,,,,,,,,,,,,,,,,,,,,,,,,,,,,,,,,,,,,,,,,,,,,,,,,,
,,,,,,,,,,,,,,,,,,,,,,,,,,,,,,,,,,,,,,,,,,,,,,,,,,,,,,,,,,,,,,
,,,,,,,,,,,,,,,,,,,,,,,,,,,,,,,,,,,,,,,,,,,,,,,,,,,,,,,,,,,,,,
,,,,,,,,,,,,,,,,,,,,,,,,,,,,,,,,,,,,,,,,,,,,,,,,,,,,,,,,,,,,,,
,,,,,,,,,,,,,,,,,,,,,,,,,,,,,,,,,,,,,,,,,,,,,,,,,,,,,,,,,,,,,,
,,,,,,,,,,,,,,,,,,,,,,,,,,,,,,,,,,,,,,,,,,,,,,,,,,,,,,,,,,,,,,
,,,,,,,,,,,,,,,,,,,,,,,,,,,,,,,,,,,,,,,,,,,,,,,,,,,,,,,,,,,,,,
,,,,,,,,,,,,,,,,,,,,,,,,,,,,,,,,,,,,,,,,,,,,,,,,,,,,,,,,,,,,,,
,,,,,,,,,,,,,,,,,,,,,,,,,,,,,,,,,,,,,,,,,,,,,,,,,,,,,,,,,,,,,,
,,,,,,,,,,,,,,,,,,,,,,,,,,,,,,,,,,,,,,,,,,,,,,,,,,,,,,,,,,,,,,
,,,,,,,,,,,,,,,,,,,,,,,,,,,,,,,,,,,,,,,,,,,,,,,,,,,,,,,,,,,,,,
,,,,,,,,,,,,,,,,,,,,,,,,,,,,,,,,,,,,,,,,,,,,,,,,,,,,,,,,,,,,,,
,,,,,,,,,,,,,,,,,,,,,,,,,,,,,,,,,,,,,,,,,,,,,,,,,,,,,,,,,,,,,,
,,,,,,,,,,,,,,,,,,,,,,,,,,,,,,,,,,,,,,,,,,,,,,,,,,,,,,,,,,,,,,
,,,,,,,,,,,,,,,,,,,,,,,,,,,,,,,,,,,,,,,,,,,,,,,,,,,,,,,,,,,,,,
,,,,,,,,,,,,,,,,,,,,,,,,,,,,,,,,,,,,,,,,,,,,,,,,,,,,,,,,,,,,,,
,,,,,,,,,,,,,,,,,,,,,,,,,,,,,,,,,,,,,,,,,,,,,,,,,,,,,,,,,,,,,,
,,,,,,,,,,,,,,,,,,,,,,,,,,,,,,,,,,,,,,,,,,,,,,,,,,,,,,,,,,,,,,
,,,,,,,,,,,,,,,,,,,,,,,,,,,,,,,,,,,,,,,,,,,,,,,,,,,,,,,,,,,,,,
,,,,,,,,,,,,,,,,,,,,,,,,,,,,,,,,,,,,,,,,,,,,,,,,,,,,,,,,,,,,,,
,,,,,,,,,,,,,,,,,,,,,,,,,,,,,,,,,,,,,,,,,,,,,,,,,,,,,,,,,,,,,,
,,,,,,,,,,,,,,,,,,,,,,,,,,,,,,,,,,,,,,,,,,,,,,,,,,,,,,,,,,,,,,
,,,,,,,,,,,,,,,,,,,,,,,,,,,,,,,,,,,,,,,,,,,,,,,,,,,,,,,,,,,,,,
,,,,,,,,,,,,,,,,,,,,,,,,,,,,,,,,,,,,,,,,,,,,,,,,,,,,,,,,,,,,,,
,,,,,,,,,,,,,,,,,,,,,,,,,,,,,,,,,,,,,,,,,,,,,,,,,,,,,,,,,,,,,,
,,,,,,,,,,,,,,,,,,,,,,,,,,,,,,,,,,,,,,,,,,,,,,,,,,,,,,,,,,,,,,
,,,,,,,,,,,,,,,,,,,,,,,,,,,,,,,,,,,,,,,,,,,,,,,,,,,,,,,,,,,,,,
,,,,,,,,,,,,,,,,,,,,,,,,,,,,,,,,,,,,,,,,,,,,,,,,,,,,,,,,,,,,,,
,,,,,,,,,,,,,,,,,,,,,,,,,,,,,,,,,,,,,,,,,,,,,,,,,,,,,,,,,,,,,,
,,,,,,,,,,,,,,,,,,,,,,,,,,,,,,,,,,,,,,,,,,,,,,,,,,,,,,,,,,,,,,
,,,,,,,,,,,,,,,,,,,,,,,,,,,,,,,,,,,,,,,,,,,,,,,,,,,,,,,,,,,,,,
,,,,,,,,,,,,,,,,,,,,,,,,,,,,,,,,,,,,,,,,,,,,,,,,,,,,,,,,,,,,,,
,,,,,,,,,,,,,,,,,,,,,,,,,,,,,,,,,,,,,,,,,,,,,,,,,,,,,,,,,,,,,,
,,,,,,,,,,,,,,,,,,,,,,,,,,,,,,,,,,,,,,,,,,,,,,,,,,,,,,,,,,,,,,
,,,,,,,,,,,,,,,,,,,,,,,,,,,,,,,,,,,,,,,,,,,,,,,,,,,,,,,,,,,,,,
,,,,,,,,,,,,,,,,,,,,,,,,,,,,,,,,,,,,,,,,,,,,,,,,,,,,,,,,,,,,,,
,,,,,,,,,,,,,,,,,,,,,,,,,,,,,,,,,,,,,,,,,,,,,,,,,,,,,,,,,,,,,,
,,,,,,,,,,,,,,,,,,,,,,,,,,,,,,,,,,,,,,,,,,,,,,,,,,,,,,,,,,,,,,
,,,,,,,,,,,,,,,,,,,,,,,,,,,,,,,,,,,,,,,,,,,,,,,,,,,,,,,,,,,,,,
,,,,,,,,,,,,,,,,,,,,,,,,,,,,,,,,,,,,,,,,,,,,,,,,,,,,,,,,,,,,,,
,,,,,,,,,,,,,,,,,,,,,,,,,,,,,,,,,,,,,,,,,,,,,,,,,,,,,,,,,,,,,,
,,,,,,,,,,,,,,,,,,,,,,,,,,,,,,,,,,,,,,,,,,,,,,,,,,,,,,,,,,,,,,
,,,,,,,,,,,,,,,,,,,,,,,,,,,,,,,,,,,,,,,,,,,,,,,,,,,,,,,,,,,,,,
,,,,,,,,,,,,,,,,,,,,,,,,,,,,,,,,,,,,,,,,,,,,,,,,,,,,,,,,,,,,,,
,,,,,,,,,,,,,,,,,,,,,,,,,,,,,,,,,,,,,,,,,,,,,,,,,,,,,,,,,,,,,,
,,,,,,,,,,,,,,,,,,,,,,,,,,,,,,,,,,,,,,,,,,,,,,,,,,,,,,,,,,,,,,
,,,,,,,,,,,,,,,,,,,,,,,,,,,,,,,,,,,,,,,,,,,,,,,,,,,,,,,,,,,,,,
,,,,,,,,,,,,,,,,,,,,,,,,,,,,,,,,,,,,,,,,,,,,,,,,,,,,,,,,,,,,,,
,,,,,,,,,,,,,,,,,,,,,,,,,,,,,,,,,,,,,,,,,,,,,,,,,,,,,,,,,,,,,,
,,,,,,,,,,,,,,,,,,,,,,,,,,,,,,,,,,,,,,,,,,,,,,,,,,,,,,,,,,,,,,
,,,,,,,,,,,,,,,,,,,,,,,,,,,,,,,,,,,,,,,,,,,,,,,,,,,,,,,,,,,,,,
,,,,,,,,,,,,,,,,,,,,,,,,,,,,,,,,,,,,,,,,,,,,,,,,,,,,,,,,,,,,,,
,,,,,,,,,,,,,,,,,,,,,,,,,,,,,,,,,,,,,,,,,,,,,,,,,,,,,,,,,,,,,,
,,,,,,,,,,,,,,,,,,,,,,,,,,,,,,,,,,,,,,,,,,,,,,,,,,,,,,,,,,,,,,
,,,,,,,,,,,,,,,,,,,,,,,,,,,,,,,,,,,,,,,,,,,,,,,,,,,,,,,,,,,,,,
,,,,,,,,,,,,,,,,,,,,,,,,,,,,,,,,,,,,,,,,,,,,,,,,,,,,,,,,,,,,,,
,,,,,,,,,,,,,,,,,,,,,,,,,,,,,,,,,,,,,,,,,,,,,,,,,,,,,,,,,,,,,,
,,,,,,,,,,,,,,,,,,,,,,,,,,,,,,,,,,,,,,,,,,,,,,,,,,,,,,,,,,,,,,
,,,,,,,,,,,,,,,,,,,,,,,,,,,,,,,,,,,,,,,,,,,,,,,,,,,,,,,,,,,,,,
,,,,,,,,,,,,,,,,,,,,,,,,,,,,,,,,,,,,,,,,,,,,,,,,,,,,,,,,,,,,,,
,,,,,,,,,,,,,,,,,,,,,,,,,,,,,,,,,,,,,,,,,,,,,,,,,,,,,,,,,,,,,,
,,,,,,,,,,,,,,,,,,,,,,,,,,,,,,,,,,,,,,,,,,,,,,,,,,,,,,,,,,,,,,
,,,,,,,,,,,,,,,,,,,,,,,,,,,,,,,,,,,,,,,,,,,,,,,,,,,,,,,,,,,,,,
,,,,,,,,,,,,,,,,,,,,,,,,,,,,,,,,,,,,,,,,,,,,,,,,,,,,,,,,,,,,,,
,,,,,,,,,,,,,,,,,,,,,,,,,,,,,,,,,,,,,,,,,,,,,,,,,,,,,,,,,,,,,,
,,,,,,,,,,,,,,,,,,,,,,,,,,,,,,,,,,,,,,,,,,,,,,,,,,,,,,,,,,,,,,
,,,,,,,,,,,,,,,,,,,,,,,,,,,,,,,,,,,,,,,,,,,,,,,,,,,,,,,,,,,,,,
,,,,,,,,,,,,,,,,,,,,,,,,,,,,,,,,,,,,,,,,,,,,,,,,,,,,,,,,,,,,,,
,,,,,,,,,,,,,,,,,,,,,,,,,,,,,,,,,,,,,,,,,,,,,,,,,,,,,,,,,,,,,,
,,,,,,,,,,,,,,,,,,,,,,,,,,,,,,,,,,,,,,,,,,,,,,,,,,,,,,,,,,,,,,
,,,,,,,,,,,,,,,,,,,,,,,,,,,,,,,,,,,,,,,,,,,,,,,,,,,,,,,,,,,,,,
,,,,,,,,,,,,,,,,,,,,,,,,,,,,,,,,,,,,,,,,,,,,,,,,,,,,,,,,,,,,,,
,,,,,,,,,,,,,,,,,,,,,,,,,,,,,,,,,,,,,,,,,,,,,,,,,,,,,,,,,,,,,,
,,,,,,,,,,,,,,,,,,,,,,,,,,,,,,,,,,,,,,,,,,,,,,,,,,,,,,,,,,,,,,
,,,,,,,,,,,,,,,,,,,,,,,,,,,,,,,,,,,,,,,,,,,,,,,,,,,,,,,,,,,,,,
,,,,,,,,,,,,,,,,,,,,,,,,,,,,,,,,,,,,,,,,,,,,,,,,,,,,,,,,,,,,,,
,,,,,,,,,,,,,,,,,,,,,,,,,,,,,,,,,,,,,,,,,,,,,,,,,,,,,,,,,,,,,,
,,,,,,,,,,,,,,,,,,,,,,,,,,,,,,,,,,,,,,,,,,,,,,,,,,,,,,,,,,,,,,
,,,,,,,,,,,,,,,,,,,,,,,,,,,,,,,,,,,,,,,,,,,,,,,,,,,,,,,,,,,,,,
,,,,,,,,,,,,,,,,,,,,,,,,,,,,,,,,,,,,,,,,,,,,,,,,,,,,,,,,,,,,,,
,,,,,,,,,,,,,,,,,,,,,,,,,,,,,,,,,,,,,,,,,,,,,,,,,,,,,,,,,,,,,,
,,,,,,,,,,,,,,,,,,,,,,,,,,,,,,,,,,,,,,,,,,,,,,,,,,,,,,,,,,,,,,
,,,,,,,,,,,,,,,,,,,,,,,,,,,,,,,,,,,,,,,,,,,,,,,,,,,,,,,,,,,,,,
,,,,,,,,,,,,,,,,,,,,,,,,,,,,,,,,,,,,,,,,,,,,,,,,,,,,,,,,,,,,,,
,,,,,,,,,,,,,,,,,,,,,,,,,,,,,,,,,,,,,,,,,,,,,,,,,,,,,,,,,,,,,,
,,,,,,,,,,,,,,,,,,,,,,,,,,,,,,,,,,,,,,,,,,,,,,,,,,,,,,,,,,,,,,
,,,,,,,,,,,,,,,,,,,,,,,,,,,,,,,,,,,,,,,,,,,,,,,,,,,,,,,,,,,,,,
,,,,,,,,,,,,,,,,,,,,,,,,,,,,,,,,,,,,,,,,,,,,,,,,,,,,,,,,,,,,,,
,,,,,,,,,,,,,,,,,,,,,,,,,,,,,,,,,,,,,,,,,,,,,,,,,,,,,,,,,,,,,,
,,,,,,,,,,,,,,,,,,,,,,,,,,,,,,,,,,,,,,,,,,,,,,,,,,,,,,,,,,,,,,
,,,,,,,,,,,,,,,,,,,,,,,,,,,,,,,,,,,,,,,,,,,,,,,,,,,,,,,,,,,,,,
,,,,,,,,,,,,,,,,,,,,,,,,,,,,,,,,,,,,,,,,,,,,,,,,,,,,,,,,,,,,,,
,,,,,,,,,,,,,,,,,,,,,,,,,,,,,,,,,,,,,,,,,,,,,,,,,,,,,,,,,,,,,,
,,,,,,,,,,,,,,,,,,,,,,,,,,,,,,,,,,,,,,,,,,,,,,,,,,,,,,,,,,,,,,
,,,,,,,,,,,,,,,,,,,,,,,,,,,,,,,,,,,,,,,,,,,,,,,,,,,,,,,,,,,,,,
,,,,,,,,,,,,,,,,,,,,,,,,,,,,,,,,,,,,,,,,,,,,,,,,,,,,,,,,,,,,,,
,,,,,,,,,,,,,,,,,,,,,,,,,,,,,,,,,,,,,,,,,,,,,,,,,,,,,,,,,,,,,,
,,,,,,,,,,,,,,,,,,,,,,,,,,,,,,,,,,,,,,,,,,,,,,,,,,,,,,,,,,,,,,
,,,,,,,,,,,,,,,,,,,,,,,,,,,,,,,,,,,,,,,,,,,,,,,,,,,,,,,,,,,,,,
,,,,,,,,,,,,,,,,,,,,,,,,,,,,,,,,,,,,,,,,,,,,,,,,,,,,,,,,,,,,,,
,,,,,,,,,,,,,,,,,,,,,,,,,,,,,,,,,,,,,,,,,,,,,,,,,,,,,,,,,,,,,,
,,,,,,,,,,,,,,,,,,,,,,,,,,,,,,,,,,,,,,,,,,,,,,,,,,,,,,,,,,,,,,
,,,,,,,,,,,,,,,,,,,,,,,,,,,,,,,,,,,,,,,,,,,,,,,,,,,,,,,,,,,,,,
,,,,,,,,,,,,,,,,,,,,,,,,,,,,,,,,,,,,,,,,,,,,,,,,,,,,,,,,,,,,,,
,,,,,,,,,,,,,,,,,,,,,,,,,,,,,,,,,,,,,,,,,,,,,,,,,,,,,,,,,,,,,,
,,,,,,,,,,,,,,,,,,,,,,,,,,,,,,,,,,,,,,,,,,,,,,,,,,,,,,,,,,,,,,
,,,,,,,,,,,,,,,,,,,,,,,,,,,,,,,,,,,,,,,,,,,,,,,,,,,,,,,,,,,,,,
,,,,,,,,,,,,,,,,,,,,,,,,,,,,,,,,,,,,,,,,,,,,,,,,,,,,,,,,,,,,,,
,,,,,,,,,,,,,,,,,,,,,,,,,,,,,,,,,,,,,,,,,,,,,,,,,,,,,,,,,,,,,,
,,,,,,,,,,,,,,,,,,,,,,,,,,,,,,,,,,,,,,,,,,,,,,,,,,,,,,,,,,,,,,
,,,,,,,,,,,,,,,,,,,,,,,,,,,,,,,,,,,,,,,,,,,,,,,,,,,,,,,,,,,,,,
,,,,,,,,,,,,,,,,,,,,,,,,,,,,,,,,,,,,,,,,,,,,,,,,,,,,,,,,,,,,,,
,,,,,,,,,,,,,,,,,,,,,,,,,,,,,,,,,,,,,,,,,,,,,,,,,,,,,,,,,,,,,,
,,,,,,,,,,,,,,,,,,,,,,,,,,,,,,,,,,,,,,,,,,,,,,,,,,,,,,,,,,,,,,
,,,,,,,,,,,,,,,,,,,,,,,,,,,,,,,,,,,,,,,,,,,,,,,,,,,,,,,,,,,,,,
,,,,,,,,,,,,,,,,,,,,,,,,,,,,,,,,,,,,,,,,,,,,,,,,,,,,,,,,,,,,,,
,,,,,,,,,,,,,,,,,,,,,,,,,,,,,,,,,,,,,,,,,,,,,,,,,,,,,,,,,,,,,,
,,,,,,,,,,,,,,,,,,,,,,,,,,,,,,,,,,,,,,,,,,,,,,,,,,,,,,,,,,,,,,
,,,,,,,,,,,,,,,,,,,,,,,,,,,,,,,,,,,,,,,,,,,,,,,,,,,,,,,,,,,,,,
,,,,,,,,,,,,,,,,,,,,,,,,,,,,,,,,,,,,,,,,,,,,,,,,,,,,,,,,,,,,,,
,,,,,,,,,,,,,,,,,,,,,,,,,,,,,,,,,,,,,,,,,,,,,,,,,,,,,,,,,,,,,,
,,,,,,,,,,,,,,,,,,,,,,,,,,,,,,,,,,,,,,,,,,,,,,,,,,,,,,,,,,,,,,
,,,,,,,,,,,,,,,,,,,,,,,,,,,,,,,,,,,,,,,,,,,,,,,,,,,,,,,,,,,,,,
,,,,,,,,,,,,,,,,,,,,,,,,,,,,,,,,,,,,,,,,,,,,,,,,,,,,,,,,,,,,,,
,,,,,,,,,,,,,,,,,,,,,,,,,,,,,,,,,,,,,,,,,,,,,,,,,,,,,,,,,,,,,,
,,,,,,,,,,,,,,,,,,,,,,,,,,,,,,,,,,,,,,,,,,,,,,,,,,,,,,,,,,,,,,
,,,,,,,,,,,,,,,,,,,,,,,,,,,,,,,,,,,,,,,,,,,,,,,,,,,,,,,,,,,,,,
,,,,,,,,,,,,,,,,,,,,,,,,,,,,,,,,,,,,,,,,,,,,,,,,,,,,,,,,,,,,,,
,,,,,,,,,,,,,,,,,,,,,,,,,,,,,,,,,,,,,,,,,,,,,,,,,,,,,,,,,,,,,,
,,,,,,,,,,,,,,,,,,,,,,,,,,,,,,,,,,,,,,,,,,,,,,,,,,,,,,,,,,,,,,
,,,,,,,,,,,,,,,,,,,,,,,,,,,,,,,,,,,,,,,,,,,,,,,,,,,,,,,,,,,,,,
,,,,,,,,,,,,,,,,,,,,,,,,,,,,,,,,,,,,,,,,,,,,,,,,,,,,,,,,,,,,,,
,,,,,,,,,,,,,,,,,,,,,,,,,,,,,,,,,,,,,,,,,,,,,,,,,,,,,,,,,,,,,,
,,,,,,,,,,,,,,,,,,,,,,,,,,,,,,,,,,,,,,,,,,,,,,,,,,,,,,,,,,,,,,
,,,,,,,,,,,,,,,,,,,,,,,,,,,,,,,,,,,,,,,,,,,,,,,,,,,,,,,,,,,,,,
,,,,,,,,,,,,,,,,,,,,,,,,,,,,,,,,,,,,,,,,,,,,,,,,,,,,,,,,,,,,,,
,,,,,,,,,,,,,,,,,,,,,,,,,,,,,,,,,,,,,,,,,,,,,,,,,,,,,,,,,,,,,,
,,,,,,,,,,,,,,,,,,,,,,,,,,,,,,,,,,,,,,,,,,,,,,,,,,,,,,,,,,,,,,
,,,,,,,,,,,,,,,,,,,,,,,,,,,,,,,,,,,,,,,,,,,,,,,,,,,,,,,,,,,,,,
,,,,,,,,,,,,,,,,,,,,,,,,,,,,,,,,,,,,,,,,,,,,,,,,,,,,,,,,,,,,,,
,,,,,,,,,,,,,,,,,,,,,,,,,,,,,,,,,,,,,,,,,,,,,,,,,,,,,,,,,,,,,,
,,,,,,,,,,,,,,,,,,,,,,,,,,,,,,,,,,,,,,,,,,,,,,,,,,,,,,,,,,,,,,
,,,,,,,,,,,,,,,,,,,,,,,,,,,,,,,,,,,,,,,,,,,,,,,,,,,,,,,,,,,,,,
,,,,,,,,,,,,,,,,,,,,,,,,,,,,,,,,,,,,,,,,,,,,,,,,,,,,,,,,,,,,,,
,,,,,,,,,,,,,,,,,,,,,,,,,,,,,,,,,,,,,,,,,,,,,,,,,,,,,,,,,,,,,,
,,,,,,,,,,,,,,,,,,,,,,,,,,,,,,,,,,,,,,,,,,,,,,,,,,,,,,,,,,,,,,
,,,,,,,,,,,,,,,,,,,,,,,,,,,,,,,,,,,,,,,,,,,,,,,,,,,,,,,,,,,,,,
,,,,,,,,,,,,,,,,,,,,,,,,,,,,,,,,,,,,,,,,,,,,,,,,,,,,,,,,,,,,,,
,,,,,,,,,,,,,,,,,,,,,,,,,,,,,,,,,,,,,,,,,,,,,,,,,,,,,,,,,,,,,,
,,,,,,,,,,,,,,,,,,,,,,,,,,,,,,,,,,,,,,,,,,,,,,,,,,,,,,,,,,,,,,
,,,,,,,,,,,,,,,,,,,,,,,,,,,,,,,,,,,,,,,,,,,,,,,,,,,,,,,,,,,,,,
,,,,,,,,,,,,,,,,,,,,,,,,,,,,,,,,,,,,,,,,,,,,,,,,,,,,,,,,,,,,,,
,,,,,,,,,,,,,,,,,,,,,,,,,,,,,,,,,,,,,,,,,,,,,,,,,,,,,,,,,,,,,,
,,,,,,,,,,,,,,,,,,,,,,,,,,,,,,,,,,,,,,,,,,,,,,,,,,,,,,,,,,,,,,
,,,,,,,,,,,,,,,,,,,,,,,,,,,,,,,,,,,,,,,,,,,,,,,,,,,,,,,,,,,,,,
,,,,,,,,,,,,,,,,,,,,,,,,,,,,,,,,,,,,,,,,,,,,,,,,,,,,,,,,,,,,,,
,,,,,,,,,,,,,,,,,,,,,,,,,,,,,,,,,,,,,,,,,,,,,,,,,,,,,,,,,,,,,,
,,,,,,,,,,,,,,,,,,,,,,,,,,,,,,,,,,,,,,,,,,,,,,,,,,,,,,,,,,,,,,
,,,,,,,,,,,,,,,,,,,,,,,,,,,,,,,,,,,,,,,,,,,,,,,,,,,,,,,,,,,,,,
,,,,,,,,,,,,,,,,,,,,,,,,,,,,,,,,,,,,,,,,,,,,,,,,,,,,,,,,,,,,,,
,,,,,,,,,,,,,,,,,,,,,,,,,,,,,,,,,,,,,,,,,,,,,,,,,,,,,,,,,,,,,,
,,,,,,,,,,,,,,,,,,,,,,,,,,,,,,,,,,,,,,,,,,,,,,,,,,,,,,,,,,,,,,
,,,,,,,,,,,,,,,,,,,,,,,,,,,,,,,,,,,,,,,,,,,,,,,,,,,,,,,,,,,,,,
,,,,,,,,,,,,,,,,,,,,,,,,,,,,,,,,,,,,,,,,,,,,,,,,,,,,,,,,,,,,,,
,,,,,,,,,,,,,,,,,,,,,,,,,,,,,,,,,,,,,,,,,,,,,,,,,,,,,,,,,,,,,,
,,,,,,,,,,,,,,,,,,,,,,,,,,,,,,,,,,,,,,,,,,,,,,,,,,,,,,,,,,,,,,
,,,,,,,,,,,,,,,,,,,,,,,,,,,,,,,,,,,,,,,,,,,,,,,,,,,,,,,,,,,,,,
,,,,,,,,,,,,,,,,,,,,,,,,,,,,,,,,,,,,,,,,,,,,,,,,,,,,,,,,,,,,,,
,,,,,,,,,,,,,,,,,,,,,,,,,,,,,,,,,,,,,,,,,,,,,,,,,,,,,,,,,,,,,,
,,,,,,,,,,,,,,,,,,,,,,,,,,,,,,,,,,,,,,,,,,,,,,,,,,,,,,,,,,,,,,
,,,,,,,,,,,,,,,,,,,,,,,,,,,,,,,,,,,,,,,,,,,,,,,,,,,,,,,,,,,,,,
,,,,,,,,,,,,,,,,,,,,,,,,,,,,,,,,,,,,,,,,,,,,,,,,,,,,,,,,,,,,,,
,,,,,,,,,,,,,,,,,,,,,,,,,,,,,,,,,,,,,,,,,,,,,,,,,,,,,,,,,,,,,,
,,,,,,,,,,,,,,,,,,,,,,,,,,,,,,,,,,,,,,,,,,,,,,,,,,,,,,,,,,,,,,
,,,,,,,,,,,,,,,,,,,,,,,,,,,,,,,,,,,,,,,,,,,,,,,,,,,,,,,,,,,,,,
,,,,,,,,,,,,,,,,,,,,,,,,,,,,,,,,,,,,,,,,,,,,,,,,,,,,,,,,,,,,,,
,,,,,,,,,,,,,,,,,,,,,,,,,,,,,,,,,,,,,,,,,,,,,,,,,,,,,,,,,,,,,,
,,,,,,,,,,,,,,,,,,,,,,,,,,,,,,,,,,,,,,,,,,,,,,,,,,,,,,,,,,,,,,
,,,,,,,,,,,,,,,,,,,,,,,,,,,,,,,,,,,,,,,,,,,,,,,,,,,,,,,,,,,,,,
,,,,,,,,,,,,,,,,,,,,,,,,,,,,,,,,,,,,,,,,,,,,,,,,,,,,,,,,,,,,,,
,,,,,,,,,,,,,,,,,,,,,,,,,,,,,,,,,,,,,,,,,,,,,,,,,,,,,,,,,,,,,,
,,,,,,,,,,,,,,,,,,,,,,,,,,,,,,,,,,,,,,,,,,,,,,,,,,,,,,,,,,,,,,
,,,,,,,,,,,,,,,,,,,,,,,,,,,,,,,,,,,,,,,,,,,,,,,,,,,,,,,,,,,,,,
,,,,,,,,,,,,,,,,,,,,,,,,,,,,,,,,,,,,,,,,,,,,,,,,,,,,,,,,,,,,,,
,,,,,,,,,,,,,,,,,,,,,,,,,,,,,,,,,,,,,,,,,,,,,,,,,,,,,,,,,,,,,,
,,,,,,,,,,,,,,,,,,,,,,,,,,,,,,,,,,,,,,,,,,,,,,,,,,,,,,,,,,,,,,
,,,,,,,,,,,,,,,,,,,,,,,,,,,,,,,,,,,,,,,,,,,,,,,,,,,,,,,,,,,,,,
,,,,,,,,,,,,,,,,,,,,,,,,,,,,,,,,,,,,,,,,,,,,,,,,,,,,,,,,,,,,,,
,,,,,,,,,,,,,,,,,,,,,,,,,,,,,,,,,,,,,,,,,,,,,,,,,,,,,,,,,,,,,,
,,,,,,,,,,,,,,,,,,,,,,,,,,,,,,,,,,,,,,,,,,,,,,,,,,,,,,,,,,,,,,
,,,,,,,,,,,,,,,,,,,,,,,,,,,,,,,,,,,,,,,,,,,,,,,,,,,,,,,,,,,,,,
,,,,,,,,,,,,,,,,,,,,,,,,,,,,,,,,,,,,,,,,,,,,,,,,,,,,,,,,,,,,,,
,,,,,,,,,,,,,,,,,,,,,,,,,,,,,,,,,,,,,,,,,,,,,,,,,,,,,,,,,,,,,,
,,,,,,,,,,,,,,,,,,,,,,,,,,,,,,,,,,,,,,,,,,,,,,,,,,,,,,,,,,,,,,
,,,,,,,,,,,,,,,,,,,,,,,,,,,,,,,,,,,,,,,,,,,,,,,,,,,,,,,,,,,,,,
,,,,,,,,,,,,,,,,,,,,,,,,,,,,,,,,,,,,,,,,,,,,,,,,,,,,,,,,,,,,,,
,,,,,,,,,,,,,,,,,,,,,,,,,,,,,,,,,,,,,,,,,,,,,,,,,,,,,,,,,,,,,,
